Date,Time,Text,Type,Profile,Background,Name
2023.05.18,,방가방가 고원이에요🤍,Default,00,00,고원
2023.05.18,18:43,안뇽,Text,00,00,고원
2023.05.18,18:43,오랜만이에오,Text,00,00,고원
2023.05.18,18:44,며칠동안은 사용법 익히느라,Text,00,00,고원
2023.05.18,18:44,버벅댈수더 있어요,Text,00,00,고원
2023.05.18,18:47,제 프사랑 배경 다 보여요?,Text,00,00,고원
2023.05.18,18:47,신기하구먼요,Text,00,00,고원
2023.05.18,18:47,오빛들도 닉네임 다 보여요,Text,00,00,고원
2023.05.18,18:47,ㅋ ㅋ ㅋ,Text,00,00,고원
2023.05.18,18:48,프사는 안 보여,Text,00,00,고원
2023.05.18,18:48,@ ,Text,00,00,고원
2023.05.18,18:48,아놔,Text,00,00,고원
2023.05.18,18:49,엥,Text,00,00,고원
2023.05.18,18:49,@ 누구야~,Text,00,00,고원
2023.05.18,18:50,야~,Text,00,00,고원
2023.05.18,18:50,@ 야,Text,00,00,고원
2023.05.18,18:50,아,Text,00,00,고원
2023.05.18,18:50,완료~!,Text,00,00,고원
2023.05.18,18:50,알겠아요이제,Text,00,00,고원
2023.05.18,18:52,ㅋㅋㅋㅋㅋㅋㅋ저메추요?,Text,00,00,고원
2023.05.18,18:52,역시 이렇게 가까운 사이는,Text,00,00,고원
2023.05.18,18:52,오랜만에 봐도 바로..,Text,00,00,고원
2023.05.18,18:53,더워요 날이,Text,00,00,고원
2023.05.18,18:53,냉면,Text,00,00,고원
2023.05.18,18:55,저의 근황은,Text,00,00,고원
2023.05.18,18:56,인스타에도 사징을 올리긴했지만,Text,00,00,고원
2023.05.18,18:56,뽀미랑도 잘 있고,Text,00,00,고원
2023.05.18,18:56,배경 사진처럼 슬램덩크도 봤고,Text,00,00,고원
2023.05.18,18:56,마자요 야구도 보러 갔었고,Text,00,00,고원
2023.05.18,18:57,그냥 일상이에용..,Text,00,00,고원
2023.05.18,18:57,인스타라도 있어서 다행이었어요,Text,00,00,고원
2023.05.18,18:57,우리 오빛들 걱정 많이 할텐데,Text,00,00,고원
2023.05.18,18:58,조은 모습 많이 보야줘야지!,Text,00,00,고원
2023.05.18,18:58,싶어서,Text,00,00,고원
2023.05.18,18:58,오빛들은 잘 지내셨나요~~~?,Text,00,00,고원
2023.05.18,18:58,밥먹어,Text,00,00,고원
2023.05.18,18:58,@ 밥먹어,Text,00,00,고원
2023.05.18,18:58,아직 적응 중..~~,Text,00,00,고원
2023.05.18,11:15,사진 올렸당,Text,00,00,고원
2023.05.18,11:15,아무리 봐도 너무 잘 찍얶어,Text,00,00,고원
2023.05.18,11:17,근데요,Text,00,00,고원
2023.05.18,11:17,궁금한점,Text,00,00,고원
2023.05.18,11:17,닉네임이 약간,Text,00,00,고원
2023.05.18,11:18,계좌인증할때 1원 들어올때 이름 느낌인 오빛들이 많아요,Text,00,00,고원
2023.05.18,11:18,아하,Text,00,00,고원
2023.05.18,11:18,기본 닉네임이래요,Text,00,00,고원
2023.05.18,11:19,단호한래퍼,Text,00,00,고원
2023.05.18,11:19,신선한의자,Text,00,00,고원
2023.05.18,11:19,대박,Text,00,00,고원
2023.05.18,11:19,고원시~♡,Text,00,00,고원
2023.05.18,11:19,드디어 챙겼다,Text,00,00,고원
2023.05.18,11:20,정중한부엌,Text,00,00,고원
2023.05.18,11:20,진자 웃기다,Text,00,00,고원
2023.05.18,11:22,재밌네요,Text,00,00,고원
2023.05.18,11:22,다들 잘자고,Text,00,00,고원
2023.05.18,11:22,좋은 꿈 꾸세요~~!,Text,00,00,고원
2023.05.18,11:22,꿈 안 꾸고 푹 자는 게 좋지만,Text,00,00,고원
2023.05.18,11:22,저는 재밌는 꿈 꾸면 기분 조아요,Text,00,00,고원
2023.05.18,11:24,꺅,Text,00,00,고원
2023.05.18,11:24,지금 자는 건 아닌데,Text,00,00,고원
2023.05.18,11:24,지금 말안하먄,Text,00,00,고원
2023.05.18,11:24,걍 잠들까봐,Text,00,00,고원
2023.05.18,11:24,ㅋㅋㅋㅌㅋㅋㅋㅋㅋㅋㅋ,Text,00,00,고원
2023.05.18,11:24,요즘엔 놀랍게도,Text,00,00,고원
2023.05.18,11:24,일찍 잔답니다,Text,00,00,고원
2023.05.18,11:25,지금 본가에 있는데,Text,00,00,고원
2023.05.18,11:25,오늘 마루밑 아리에티랑,Text,00,00,고원
2023.05.18,11:25,고양이의 보은,Text,00,00,고원
2023.05.18,11:25,대충대충 봤어요,Text,00,00,고원
2023.05.18,11:26,네에 영화!!,Text,00,00,고원
2023.05.18,11:26,에에올이 뭔가여,Text,00,00,고원
2023.05.18,11:26,아,Text,00,00,고원
2023.05.18,11:26,안 봤어요 ㅜ ㅜ,Text,00,00,고원
2023.05.18,11:27,나중에 볼게유,Text,00,00,고원
2023.05.18,11:27,스즈메 당근 봤지여,Text,00,00,고원
2023.05.18,11:27,스즈메,Text,00,00,고원
2023.05.18,11:27,그 고양이,Text,00,00,고원
2023.05.18,11:27,진짜로 아기성우님이 해서,Text,00,00,고원
2023.05.18,11:27,목소리 넘 기여버요,Text,00,00,고원
2023.05.18,11:27,슬램덩크 최애는,Text,00,00,고원
2023.05.18,11:28,못정했어요,Text,00,00,고원
2023.05.18,11:28,다들 최애가 있는건가여?????,Text,00,00,고원
2023.05.18,11:29,우와,Text,00,00,고원
2023.05.18,11:29,생각보다 다들 다양하게 얘기 중,Text,00,00,고원
2023.05.18,11:29,마블 최애요??????,Text,00,00,고원
2023.05.18,11:29,마블은 본 게 없어요,Text,00,00,고원
2023.05.18,11:30,ㅋ,Text,00,00,고원
2023.05.18,11:30,윤대협이 누구!,Text,00,00,고원
2023.05.18,11:30,검색찬스,Text,00,00,고원
2023.05.18,11:30,머리가 특이하군요,Text,00,00,고원
2023.05.18,11:33,아 이름들 좀 보고 왓음여,Text,00,00,고원
2023.05.18,11:34,이거 오빛들 메세지,Text,00,00,고원
2023.05.18,11:34,복사가 안되네요,Text,00,00,고원
2023.05.18,11:34,대충 요약 : 인스타 피드 감성 맞추나요??,Text,00,00,고원
2023.05.18,11:34,이건데,Text,00,00,고원
2023.05.18,11:34,첨에 좀 해보려고 했거든여??????,Text,00,00,고원
2023.05.18,11:34,근데 뭔가 첨부터 잘못됐다..,Text,00,00,고원
2023.05.18,11:34,이걸 점점 느끼고,Text,00,00,고원
2023.05.18,11:34,그냥 포기~!,Text,00,00,고원
2023.05.18,11:36,맘에 안 들면,Text,00,00,고원
2023.05.18,11:36,나중에 없애야지 마인드로,Text,00,00,고원
2023.05.18,11:36,그냥 하는 중이랍니더,Text,00,00,고원
2023.05.18,11:37,그거 아이디는,Text,00,00,고원
2023.05.18,11:37,나름 고민 많이 했어요,Text,00,00,고원
2023.05.18,11:38,그냥 심플한 거 하고 싶었는데,Text,00,00,고원
2023.05.18,11:38,되는 거 열심히 찾다가,Text,00,00,고원
2023.05.18,11:39,예..,Text,00,00,고원
2023.05.18,11:39,친구 아이디어 많이 뺏은거여요,Text,00,00,고원
2023.05.18,11:40,아,Text,00,00,고원
2023.05.18,11:40,🥷,Text,00,00,고원
2023.05.18,11:40,누가 쌔비지 쓴다,Text,00,00,고원
2023.05.18,11:41,실험,Text,00,00,고원
2023.05.18,11:41,에,Text,00,00,고원
2023.05.18,11:41,복사 어케하는지 모르겠다,Text,00,00,고원
2023.05.18,11:41,여진이 사실,Text,00,00,고원
2023.05.18,11:41,다 적고 있는 거 아녀?,Text,00,00,고원
2023.05.18,11:44,🥷그런데 좀 늦게 시작해서 그런데 이거 @@ 이런 거 되나요...? 이름 불려지나...?,Text,00,00,고원
2023.05.18,11:44,@ 당근,Text,00,00,고원
2023.05.18,11:45,여징이한테,Text,00,00,고원
2023.05.18,11:45,배워왔어요,Text,00,00,고원
2023.05.18,11:45,ㅋㅋㅋㅋㅋㅋㅋㅋㅌㅋㅋ,Text,00,00,고원
2023.05.18,11:45,mz는 다르다;;;,Text,00,00,고원
2023.05.18,11:45,하트는 없어 ㅜ,Text,00,00,고원
2023.05.18,11:45,❤️,Text,00,00,고원
2023.05.18,11:47,🥷언니 요즘 무슨 노래 들어요 오노추 해주라,Text,00,00,고원
2023.05.18,11:47,요즘 진짜 진짜,Text,00,00,고원
2023.05.18,11:48,좋아하는 노래,Text,00,00,고원
2023.05.18,11:48,김마리 - 너의 이름은 맑음,Text,00,00,고원
2023.05.18,11:48,이 노래 지금 날씨에 딱이야,Text,00,00,고원
2023.05.18,11:49,김마리님,Text,00,00,고원
2023.05.18,11:49,우산을 들어줄게도 좋아,Text,00,00,고원
2023.05.18,11:49,청량해 아쥬,Text,00,00,고원
2023.05.18,11:52,🥷웹툰이나 애니메이션도 보나?? 영화말구,Text,00,00,고원
2023.05.18,11:52,웹툰은 안보는데,Text,00,00,고원
2023.05.18,11:52,요즘 스킵과 로퍼라는 애니메이션,Text,00,00,고원
2023.05.18,11:52,보고있서요,Text,00,00,고원
2023.05.18,11:53,최애는,Text,00,00,고원
2023.05.18,11:53,유즈키언니,Text,00,00,고원
2023.05.18,11:53,ㅋㅋㅋㅋㅋㅋㅌㅋㅋㅋ,Text,00,00,고원
2023.05.18,11:54,드라마는 요즘 안 봐서,Text,00,00,고원
2023.05.18,11:54,추천해줄게 없네여..,Text,00,00,고원
2023.05.18,11:55,낭만닥터 그거는,Text,00,00,고원
2023.05.18,11:55,"1,2 다 안 봐서",Text,00,00,고원
2023.05.18,11:56,ㅜ ㅜ,Text,00,00,고원
2023.05.18,11:56,내용 이어져요????,Text,00,00,고원
2023.05.18,11:57,🥷채원이가 추천하는 요즘의 소소한 일상..?응 머가 잇웅,Text,00,00,고원
2023.05.18,11:58,더워져서 추천은 안하지만,Text,00,00,고원
2023.05.18,11:58,뜨개질 ~ ♡,Text,00,00,고원
2023.05.18,11:59,00,Image,00,00,고원
2023.05.19,00:00,기얍지~~~~~~,Text,00,00,고원
2023.05.19,00:00,이브언니는 가방 만들기? 꾸미기??,Text,00,00,고원
2023.05.19,00:00,그런거할때,Text,00,00,고원
2023.05.19,00:01,내가 한눈판 사이에,Text,00,00,고원
2023.05.19,00:01,햄스터도 가방에 저렇게,Text,00,00,고원
2023.05.19,00:01,붙여질뻔 했어,Text,00,00,고원
2023.05.19,00:01,ㅋㅋㅋㅋㅋㅋㅌㅋㅋㅋㅋㅋ,Text,00,00,고원
2023.05.19,00:03,이제,Text,00,00,고원
2023.05.19,00:03,동물의숲 좀만 하다가 자야겠다,Text,00,00,고원
2023.05.19,00:03,어제,Text,00,00,고원
2023.05.19,00:03,데이빗이라는 친구 이사가고,Text,00,00,고원
2023.05.19,00:03,미애가 왔어요,Text,00,00,고원
2023.05.19,00:04,캠핑장에 미애가 놀러와서,Text,00,00,고원
2023.05.19,00:04,제가 사실 데이빗 보내고 싶어서,Text,00,00,고원
2023.05.19,00:04,열심히 게임 이겨서 미애를 데려왔답니다,Text,00,00,고원
2023.05.19,00:04,하지만 제 위시 주민은,Text,00,00,고원
2023.05.19,00:04,다람이에요,Text,00,00,고원
2023.05.19,00:05,지금 제 마을에는,Text,00,00,고원
2023.05.19,00:05,누가 있냐면...,Text,00,00,고원
2023.05.19,00:05,근데 궁금하신가요...?,Text,00,00,고원
2023.05.19,00:05,ㅋㅋㅋㅋㅋㅋㅋㅋㅋㅋㅋㅋㅋ,Text,00,00,고원
2023.05.19,00:05,딱히.. 라는 말이 나왔습니다,Text,00,00,고원
2023.05.19,00:05,ㅋㅋㅋㅋㅋㅋㅋㅋㅋㅋㅋㅋㅋㅋㅋ,Text,00,00,고원
2023.05.19,00:05,근데 얘기해줄게요~~~,Text,00,00,고원
2023.05.19,00:07,"뽀야미
미애
미랑
존
햄쥐
나탈리
올리브
페더
나키
리키",Text,00,00,고원
2023.05.19,00:07,^^,Text,00,00,고원
2023.05.19,00:07,TMI~~,Text,00,00,고원
2023.05.19,00:07,저는 리키와 햄쥐를 아껴요,Text,00,00,고원
2023.05.19,00:08,다음에,Text,00,00,고원
2023.05.19,00:08,페더와 이별하고 다람이 데려오려구요,Text,00,00,고원
2023.05.19,00:09,페더는 이사온지 얼마 안돼서,Text,00,00,고원
2023.05.19,00:09,정이 안 들었어요,Text,00,00,고원
2023.05.19,00:10,사실 섬은,Text,00,00,고원
2023.05.19,00:10,하나도 안꾸며서,Text,00,00,고원
2023.05.19,00:10,아직 그냥 기본섬 그대로..,Text,00,00,고원
2023.05.19,00:11,다음에 구경시켜줄게용..,Text,00,00,고원
2023.05.19,00:13,섬 이름은,Text,00,00,고원
2023.05.19,00:13,주섬주섬,Text,00,00,고원
2023.05.19,00:13,놀러오세요,Text,00,00,고원
2023.05.19,00:15,🥷&&* 섬,Text,00,00,고원
2023.05.19,00:15,이거,Text,00,00,고원
2023.05.19,00:15,별 보는 거!!!!!,Text,00,00,고원
2023.05.19,00:15,알지알지,Text,00,00,고원
2023.05.19,00:16,🥷우리섬은 아보카도임 !!🥑🥑,Text,00,00,고원
2023.05.19,00:16,와,Text,00,00,고원
2023.05.19,00:16,이거 탐나서,Text,00,00,고원
2023.05.19,00:16,리셋하고 싶어,Text,00,00,고원
2023.05.19,00:16,ㅋ,Text,00,00,고원
2023.05.19,00:17,하지만 다시 리키와.. 햄쥐를...,Text,00,00,고원
2023.05.19,00:17,이제 또 눈이 감겨서,Text,00,00,고원
2023.05.19,00:17,가보겠어요,Text,00,00,고원
2023.05.19,00:17,오랜만에 오빛들이랑 얘기하니까,Text,00,00,고원
2023.05.19,00:18,좋다~~~~~~~!,Text,00,00,고원
2023.05.19,00:18,"잘자용 모두들,,,",Text,00,00,고원
2023.05.19,00:19,즐거운 금요일 보내~~~~~~~~~~~~~~~~~~~~~~!,Text,00,00,고원
2023.05.19,14:15,00,Image,00,00,고원
2023.05.19,14:15,이게 무슨 일,Text,00,00,고원
2023.05.19,14:15,어제 딱 이 친구 이사 보내고 싶다했는데,Text,00,00,고원
2023.05.19,14:16,이사간대,Text,00,00,고원
2023.05.19,14:16,다람이 꼭 데려올게,Text,00,00,고원
2023.05.19,14:16,잘가 페더~~~~~,Text,00,00,고원
2023.05.19,14:17,🥷눈치줘서 나갔네 에휴...,Text,00,00,고원
2023.05.19,14:17,ㅋㅋㅋㅋㅋㅋㅋㅋㅌㅋㅋㅋㅋ,Text,00,00,고원
2023.05.19,14:17,아!!!,Text,00,00,고원
2023.05.19,14:17,갑자기 미안해지잖아요!!!!!,Text,00,00,고원
2023.05.19,14:18,마일섬 열심히 돌아야겠어ㅓ,Text,00,00,고원
2023.05.19,14:18,점심은 먹었지여,Text,00,00,고원
2023.05.19,14:18,동생이랑 같이,Text,00,00,고원
2023.05.19,14:18,감자탕 먹었어요,Text,00,00,고원
2023.05.19,14:18,맛있는데,Text,00,00,고원
2023.05.19,14:18,덥다!!!,Text,00,00,고원
2023.05.19,14:19,동생 잘 지내는데,Text,00,00,고원
2023.05.19,14:19,감기 걸려서 오늘 학교 못 갔어요 ㅠ,Text,00,00,고원
2023.05.19,14:19,요즘 완전 감기 유행이래요,Text,00,00,고원
2023.05.19,14:19,오빛들도 조심하셔요,Text,00,00,고원
2023.05.19,14:20,저는 며칠 같이 밥먹고 놀았는데,Text,00,00,고원
2023.05.19,14:20,멀쩡해요 괜차나여,Text,00,00,고원
2023.05.19,14:21,오빛들 아프지말기 ! !,Text,00,00,고원
2023.05.19,14:21,그리고 오늘도 좋은 하루 보내기 !,Text,00,00,고원
2023.05.20,00:51,@ 잘자,Text,00,00,고원
2023.05.20,00:53,00,Image,00,00,고원
2023.05.20,00:54,화난 거 아니고,Text,00,00,고원
2023.05.20,00:54,하품 중이야!!!,Text,00,00,고원
2023.05.20,00:54,아기맹수 뽀미...,Text,00,00,고원
2023.05.20,00:55,ㅋㅋㅋㅋㅋㅋ잠옷 귀엽지,Text,00,00,고원
2023.05.20,00:55,예에에에전에,Text,00,00,고원
2023.05.20,00:55,이브언니랑 지나가다가 산 거,Text,00,00,고원
2023.05.20,00:56,스누피 마자요,Text,00,00,고원
2023.05.20,00:57,🥷애착 잠옷인가용,Text,00,00,고원
2023.05.20,00:57,흠...~,Text,00,00,고원
2023.05.20,00:57,애착까진 아닌 느낌,Text,00,00,고원
2023.05.20,00:57,젤 좋아하는 건 체크무늬잠옷 !!!,Text,00,00,고원
2023.05.20,00:58,같은 걸로 검정 초록,Text,00,00,고원
2023.05.20,00:58,2개나 있답니다,Text,00,00,고원
2023.05.20,00:58,전에 혜주가,Text,00,00,고원
2023.05.20,00:58,우리가 잠옷을 좋아하는 이유는,Text,00,00,고원
2023.05.20,00:59,집순이라 그런 거 같다고 했어,Text,00,00,고원
2023.05.20,00:59,그거 갈리잖아,Text,00,00,고원
2023.05.20,00:59,진짜 잠옷 vs 그냥 반팔 아무거나,Text,00,00,고원
2023.05.20,01:01,🥷역시 난 EISNTFJP인가봐,Text,00,00,고원
2023.05.20,01:01,ㅌㅋㅋㅋㅋㅋㅋㅋㅋㅋㅋㅋㅋㅋ,Text,00,00,고원
2023.05.20,01:01,멋지다.,Text,00,00,고원
2023.05.20,01:02,저는 완전 잠옷파,Text,00,00,고원
2023.05.20,01:03,불편한 거 시러~~~!,Text,00,00,고원
2023.05.20,01:03,🥷아 맞다 예전에 야구는 누구랑 보러 갔던 거예요??,Text,00,00,고원
2023.05.20,01:03,엄마아빠랑 다녀왔어요,Text,00,00,고원
2023.05.20,01:03,아니 둘이 야구 보러간다길래,Text,00,00,고원
2023.05.20,01:03,내가 슬쩍 꼈어,Text,00,00,고원
2023.05.20,01:04,사실 야구 잘 모르는데,Text,00,00,고원
2023.05.20,01:04,그냥 재밌을 거 같아서 같이 갔거든,Text,00,00,고원
2023.05.20,01:04,근데 진짜 재밌더라,Text,00,00,고원
2023.05.20,01:04,우리집은 기아팬!!!,Text,00,00,고원
2023.05.20,01:04,🥷데이트에 끼면 어떡해~~,Text,00,00,고원
2023.05.20,01:05,제가 중간에 앉았어요❤️,Text,00,00,고원
2023.05.20,01:05,🥷오빠분 혼자 엘지팬이라면서,Text,00,00,고원
2023.05.20,01:05,마자요,Text,00,00,고원
2023.05.20,01:05,근데 딱 그날 엘지랑 경기했는데,Text,00,00,고원
2023.05.20,01:06,오빠는 다른 콘서트 보러가서 ㅋ,Text,00,00,고원
2023.05.20,01:06,계속 옆에서 아빠가 설명해줘서,Text,00,00,고원
2023.05.20,01:06,이제 룰 다 알아,Text,00,00,고원
2023.05.20,01:06,근데 아빠 야구 엄청 좋아해서,Text,00,00,고원
2023.05.20,01:07,거의 스포였어 ;;;;;;,Text,00,00,고원
2023.05.20,01:07,어떤 선수 나오면,Text,00,00,고원
2023.05.20,01:07,이제 저 선수가 안타를 치고 나갈거야,Text,00,00,고원
2023.05.20,01:07,계속 이런식으로 ㅋㅋㅋㅌㅋㅋㅋ,Text,00,00,고원
2023.05.20,01:08,야구의 재미를 좀 알앗습니다,Text,00,00,고원
2023.05.20,01:08,원래 스포츠는 크게 관심 없는 편,Text,00,00,고원
2023.05.20,01:08,내가 운동을 못하기에..~~,Text,00,00,고원
2023.05.20,01:08,근데 보는 건 재밌는듯해,Text,00,00,고원
2023.05.20,01:10,슬램덩크는,Text,00,00,고원
2023.05.20,01:10,룰을 아는 건 아니고,Text,00,00,고원
2023.05.20,01:10,그냥 영화 보고싶렀는데,Text,00,00,고원
2023.05.20,01:10,하길래 봐서,Text,00,00,고원
2023.05.20,01:10,그냥 아! 골 넣었구나..,Text,00,00,고원
2023.05.20,01:10,이거밖에 몰라,Text,00,00,고원
2023.05.20,01:11,🥷농놀🏀 야놀⚾️ 축놀⚽️ 중에 뭐가 제일 재밌었어?,Text,00,00,고원
2023.05.20,01:11,저는,Text,00,00,고원
2023.05.20,01:11,야구,Text,00,00,고원
2023.05.20,01:12,직관해서 그런 거 가타여,Text,00,00,고원
2023.05.20,01:12,축구는 조금씩 아는 중..,Text,00,00,고원
2023.05.20,01:12,배구팬들도 많네요,Text,00,00,고원
2023.05.20,01:12,배구..,Text,00,00,고원
2023.05.20,01:12,배구도 사실 규칙은 모르고,Text,00,00,고원
2023.05.20,01:12,ㅋㅋㅋㅋㅋㅋㅋㅋㅋㅋㅋ,Text,00,00,고원
2023.05.20,01:13,그냥 멋있다!,Text,00,00,고원
2023.05.20,01:13,가서보면 재밌을 거 가타오,Text,00,00,고원
2023.05.20,01:13,🥷제가 걍 볼링 좋아해요 ,Text,00,00,고원
2023.05.20,01:13,볼링,Text,00,00,고원
2023.05.20,01:14,지금 치면 50나올듯요 ㅋ,Text,00,00,고원
2023.05.20,01:14,ㅋㅋㅋㅋㅋㅋㅋㅋㅋㅋㅋㅋㅋ,Text,00,00,고원
2023.05.20,01:15,그래도 이제는 옆으로만 굴러떨어지지는 않아요,Text,00,00,고원
2023.05.20,01:15,탁구요???????,Text,00,00,고원
2023.05.20,01:15,그냥 아예 못한다거 봐야져,Text,00,00,고원
2023.05.20,01:17,네... 자신있는 스포츠는,Text,00,00,고원
2023.05.20,01:17,없습니다...,Text,00,00,고원
2023.05.20,01:18,일단 공이 다가오면,Text,00,00,고원
2023.05.20,01:18,눈이 질끈 감기기에,Text,00,00,고원
2023.05.20,01:18,공놀이들과 맞지않아요,Text,00,00,고원
2023.05.20,01:19,ㅋㅋㅋㅋㅋㅋ달리기....,Text,00,00,고원
2023.05.20,01:19,달리기는 어렸을때는 나름 빨랐는데,Text,00,00,고원
2023.05.20,01:19,지금은 왜인지,Text,00,00,고원
2023.05.20,01:19,ㅋ ㅋ ㅋ,Text,00,00,고원
2023.05.20,01:20,1등 도장도 받아본 사람인데,Text,00,00,고원
2023.05.20,01:21,ㅋㅋㅋㅋㅋㅋㅋㅋㅋㅋ,Text,00,00,고원
2023.05.20,01:21,웃겨~,Text,00,00,고원
2023.05.20,01:22,주말인데 다들 뭐하실 계획인가요,Text,00,00,고원
2023.05.20,01:23,놀기 반 일하기 반,Text,00,00,고원
2023.05.20,01:23,나오네요,Text,00,00,고원
2023.05.20,01:23,저는 가족들과 영화 보러 갈 수도~~~,Text,00,00,고원
2023.05.20,01:24,무슨 영화냐면 짱구...,Text,00,00,고원
2023.05.20,01:25,ㅋㅋㅋㅋㅋㅋㅋㅋㅌㅋㅋㅋ,Text,00,00,고원
2023.05.20,01:25,저희집에는 초등학생이 있어요..,Text,00,00,고원
2023.05.20,01:25,ㅋㅋㅋㅋㅋㅋㅌㅋㅋㅋㅋㅋ,Text,00,00,고원
2023.05.20,01:25,하지만 저도 조아하기에,Text,00,00,고원
2023.05.20,01:26,보게되면 후기 남길게용,Text,00,00,고원
2023.05.20,01:26,이제 자야게따~~~~,Text,00,00,고원
2023.05.20,01:27,좋은 주말 보내요~~~~~~❤️,Text,00,00,고원
2023.05.20,01:27,잘자구~~~~~,Text,00,00,고원
2023.05.20,01:27,안농,Text,00,00,고원
2023.05.21,00:11,@ 모해,Text,00,00,고원
2023.05.21,00:15,나는 잘준비 완,Text,00,00,고원
2023.05.21,00:15,충전도 해야겠다,Text,00,00,고원
2023.05.21,00:16,🥷정답 37%,Text,00,00,고원
2023.05.21,00:16,우와,Text,00,00,고원
2023.05.21,00:16,대충 비슷~,Text,00,00,고원
2023.05.21,00:16,30,Text,00,00,고원
2023.05.21,00:17,오늘은 정말,Text,00,00,고원
2023.05.21,00:17,그냥 일상!,Text,00,00,고원
2023.05.21,00:17,을 보냇어요,Text,00,00,고원
2023.05.21,00:17,산책도 하고~~,Text,00,00,고원
2023.05.21,00:17,흠~,Text,00,00,고원
2023.05.21,00:17,짱구 안 봤어,Text,00,00,고원
2023.05.21,00:17,ㅋㅋㅋㅋㅋㅋㅋㅋㅋㅋㅋ,Text,00,00,고원
2023.05.21,00:17,스포 안도ㅑ,Text,00,00,고원
2023.05.21,00:18,아 전에,Text,00,00,고원
2023.05.21,00:18,아바타 보기 전에,Text,00,00,고원
2023.05.21,00:18,누가 스포를 한거야,Text,00,00,고원
2023.05.21,00:18,그래서 계속 보면서,Text,00,00,고원
2023.05.21,00:18,어! 지금이다,Text,00,00,고원
2023.05.21,00:18,지금,Text,00,00,고원
2023.05.21,00:18,지금..!,Text,00,00,고원
2023.05.21,00:18,이러면서 봤는데,Text,00,00,고원
2023.05.21,00:18,한참 뒤에나 나와서,Text,00,00,고원
2023.05.21,00:19,예에에전에,Text,00,00,고원
2023.05.21,00:19,스릴러 영화 볼때도,Text,00,00,고원
2023.05.21,00:19,친구가 범인 누구다!,Text,00,00,고원
2023.05.21,00:19,라고 얘기해줘서 계속,Text,00,00,고원
2023.05.21,00:19,그냥 뻥이엄ㅅ어,Text,00,00,고원
2023.05.21,00:20,🥷아웃겨 이번 짱구에 도라에몽 나와요~,Text,00,00,고원
2023.05.21,00:20,이런 거,Text,00,00,고원
2023.05.21,00:20,말해도 돼..?,Text,00,00,고원
2023.05.21,00:21,아놔,Text,00,00,고원
2023.05.21,00:21,스포가 가득하네요,Text,00,00,고원
2023.05.21,00:27,🥷궁금한거..! 왜 오빛 말풍선 표현할때 🥷이모티콘써??,Text,00,00,고원
2023.05.21,00:27,제가,Text,00,00,고원
2023.05.21,00:27,쌔비지 해와가지고,Text,00,00,고원
2023.05.21,00:27,🥷🥷🥷,Text,00,00,고원
2023.05.21,00:28,아니 이모티콘이,Text,00,00,고원
2023.05.21,00:28,🩵,Text,00,00,고원
2023.05.21,00:28,이런 하트도 생겪어,Text,00,00,고원
2023.05.21,00:28,🩶,Text,00,00,고원
2023.05.21,00:29,그나마 민트와 젤 유사한,Text,00,00,고원
2023.05.21,00:29,🩵,Text,00,00,고원
2023.05.21,00:29,앞으로 얘 써야겠다,Text,00,00,고원
2023.05.21,00:30,다른 건 머가 생긴지,Text,00,00,고원
2023.05.21,00:30,모르겠서...!!,Text,00,00,고원
2023.05.21,00:30,우와,Text,00,00,고원
2023.05.21,00:30,날개,Text,00,00,고원
2023.05.21,00:30,생겼대,Text,00,00,고원
2023.05.21,00:31,🪽,Text,00,00,고원
2023.05.21,00:31,반대쪽은 없나요?,Text,00,00,고원
2023.05.21,00:31,E🪽,Text,00,00,고원
2023.05.21,00:31,어때,Text,00,00,고원
2023.05.21,00:31,반대쪽 날개,Text,00,00,고원
2023.05.21,00:31,엥,Text,00,00,고원
2023.05.21,00:31,와,Text,00,00,고원
2023.05.21,00:31,반대쪽 날개,Text,00,00,고원
2023.05.21,00:32,잉,Text,00,00,고원
2023.05.21,00:32,꾹누르먄 반대쪽 된다했는데,Text,00,00,고원
2023.05.21,00:32,왜 안되지?????,Text,00,00,고원
2023.05.21,00:32,🪽🫶🪽,Text,00,00,고원
2023.05.21,00:32,제가 업데이트를 안했나봐요,Text,00,00,고원
2023.05.21,00:32,아,Text,00,00,고원
2023.05.21,00:32,아,Text,00,00,고원
2023.05.21,00:32,아!!!!!!!,Text,00,00,고원
2023.05.21,00:32,머야 뻥이야?,Text,00,00,고원
2023.05.21,00:32,참나,Text,00,00,고원
2023.05.21,00:33,근데 왜 다들 마음이 맞는거야,Text,00,00,고원
2023.05.21,00:33,여러명이 그랬다구 ㅜ ㅜ,Text,00,00,고원
2023.05.21,00:33,참나,Text,00,00,고원
2023.05.21,00:33,내가 귀여운 거 보여줄까,Text,00,00,고원
2023.05.21,00:33,ㄱㄷ,Text,00,00,고원
2023.05.21,00:34,00,Image,00,00,고원
2023.05.21,00:34,저 뒤에 핑크강아지가,Text,00,00,고원
2023.05.21,00:34,내 머리 이렇게 해주고,Text,00,00,고원
2023.05.21,00:34,마음에 드냬,Text,00,00,고원
2023.05.21,00:34,웃기지도 않아,Text,00,00,고원
2023.05.21,00:36,나도 머리 펌하고 싶었는데,Text,00,00,고원
2023.05.21,00:36,동숲 아님,Text,00,00,고원
2023.05.21,00:36,실제 내 머리,Text,00,00,고원
2023.05.21,00:36,탈색했어서 머리 녹는대,Text,00,00,고원
2023.05.21,00:36,그래서 못햐~ ㅠ,Text,00,00,고원
2023.05.21,00:37,아직 탈색머리가 많이 남아있어,Text,00,00,고원
2023.05.21,00:38,이제 탈색은,Text,00,00,고원
2023.05.21,00:38,뭔가 하고싶다가도,Text,00,00,고원
2023.05.21,00:38,안하고싶다가도,Text,00,00,고원
2023.05.21,00:38,하고싶다가도,Text,00,00,고원
2023.05.21,00:38,늘 마음이 바뀐답니다..,Text,00,00,고원
2023.05.21,00:39,전에는 염색에 관심 많았는데,Text,00,00,고원
2023.05.21,00:39,이제는 약간 관심 떨어진 상태,Text,00,00,고원
2023.05.21,00:39,지금 머리색이 그냥 무난해서 그런둣!,Text,00,00,고원
2023.05.21,00:40,다들 언제 주무시나요,Text,00,00,고원
2023.05.21,00:40,벌써 졸린 나,Text,00,00,고원
2023.05.21,00:40,낯설지여,Text,00,00,고원
2023.05.21,00:40,ㅋㅋㅋㅋㅋㅋㅌㅋㅋㅋㅋ,Text,00,00,고원
2023.05.21,00:41,엄마가 닥터차정숙이라는,Text,00,00,고원
2023.05.21,00:41,드라마를 즐겨봐서,Text,00,00,고원
2023.05.21,00:41,옆에서 슬쩍 봤더니,Text,00,00,고원
2023.05.21,00:41,재밌는 거 같더라구요,Text,00,00,고원
2023.05.21,00:41,심심하시다면,Text,00,00,고원
2023.05.21,00:41,추천드립니더,Text,00,00,고원
2023.05.21,00:42,@ 잘자~~~,Text,00,00,고원
2023.05.21,00:42,이제 완벽하다 아주,Text,00,00,고원
2023.05.21,00:42,완전 적응,Text,00,00,고원
2023.05.21,00:42,@ ~~~🩵,Text,00,00,고원
2023.05.21,21:25,모햐~~~~,Text,00,00,고원
2023.05.21,21:27,오늘 짱구 보고 왔당,Text,00,00,고원
2023.05.21,21:27,재밌던데???!,Text,00,00,고원
2023.05.21,21:27,감동적이야,Text,00,00,고원
2023.05.21,21:28,스포할 수 없어서,Text,00,00,고원
2023.05.21,21:28,내용은 말 못하지만,Text,00,00,고원
2023.05.21,21:28,짱구의 여린마음을,Text,00,00,고원
2023.05.21,21:28,슬쩍 볼 수 잇엇서,Text,00,00,고원
2023.05.21,21:29,동생이 좋아하는 캐릭터가 안나와서,Text,00,00,고원
2023.05.21,21:29,동생은 끝나고 아쉬워햇음,Text,00,00,고원
2023.05.21,21:29,오빠는 전에 나온 극장판이,Text,00,00,고원
2023.05.21,21:29,젤 재밌었다고,Text,00,00,고원
2023.05.21,21:29,이번거는 아쉽대,Text,00,00,고원
2023.05.21,21:29,동생,Text,00,00,고원
2023.05.21,21:29,그 부리부리 조아함,Text,00,00,고원
2023.05.21,21:29,돼지,Text,00,00,고원
2023.05.21,21:30,나는 흠..~~~~,Text,00,00,고원
2023.05.21,21:30,최애는 없어,Text,00,00,고원
2023.05.21,21:31,🥷너는 나 좋아하자나ㅋ,Text,00,00,고원
2023.05.21,21:31,ㅇㅇ~~,Text,00,00,고원
2023.05.21,21:31,ㅋ,Text,00,00,고원
2023.05.21,21:31,여튼 중간에,Text,00,00,고원
2023.05.21,21:31,말할뻔~!,Text,00,00,고원
2023.05.21,21:32,진구라는 애 귀여움,Text,00,00,고원
2023.05.21,21:32,노진구말고 ㅡ ㅡ,Text,00,00,고원
2023.05.21,21:33,🥷난흰둥이가조아,Text,00,00,고원
2023.05.21,21:33,나도 그럼 흰둥이 최애할래,Text,00,00,고원
2023.05.21,21:33,강아지 짱,Text,00,00,고원
2023.05.21,21:33,흰둥이 똑똑해,Text,00,00,고원
2023.05.21,21:34,🥷신형만씨 최애 없나요,Text,00,00,고원
2023.05.21,21:34,없 을 듯 ?,Text,00,00,고원
2023.05.21,21:35,저녁은 초밥 먹었어용,Text,00,00,고원
2023.05.21,21:35,연어초밥 젤 좋아하고~~!,Text,00,00,고원
2023.05.21,21:36,🥷회전초밥집 갔는데 맛이 별로라 오늘 좀 슬펐답니다. 맛있는 집을 잘 찾아가도록 하세요..,Text,00,00,고원
2023.05.21,21:36,헐..~,Text,00,00,고원
2023.05.21,21:36,안타깝네요..,Text,00,00,고원
2023.05.21,21:36,저도 회전초밥 다녀왓아요,Text,00,00,고원
2023.05.21,21:37,연어랑,Text,00,00,고원
2023.05.21,21:37,묵은지 올라간 것도 좋아하고,Text,00,00,고원
2023.05.21,21:38,🥷근데 회전초밥집 갈때마다 궁금한점.. 끝끝내 선택받지못한 애들은 어케 될까..?,Text,00,00,고원
2023.05.21,21:38,와,Text,00,00,고원
2023.05.21,21:38,나도 오늘 이 생각하면서 먹었는데,Text,00,00,고원
2023.05.21,21:38,🥷남은 음식은 직원들이 맛있게 먹었습니다~,Text,00,00,고원
2023.05.21,21:38,🥷-남은 초밥은 직원들이 맛있게 먹었습니다-,Text,00,00,고원
2023.05.21,21:38,이거 머야?,Text,00,00,고원
2023.05.21,21:38,왜 다 똑같이 말하비???,Text,00,00,고원
2023.05.21,21:39,"우와,,",Text,00,00,고원
2023.05.21,21:39,머임?,Text,00,00,고원
2023.05.21,21:39,찾아봐야지,Text,00,00,고원
2023.05.21,21:40,유튜브에 나온대,Text,00,00,고원
2023.05.21,21:40,우와,Text,00,00,고원
2023.05.21,21:40,다들 같은 유튜브 봐?,Text,00,00,고원
2023.05.21,21:43,참지않는으깬감자,Text,00,00,고원
2023.05.21,21:43,대박 기엽당,Text,00,00,고원
2023.05.21,21:44,아놔,Text,00,00,고원
2023.05.21,21:44,강아지 유튜브..,Text,00,00,고원
2023.05.21,21:45,제 구독목록은,Text,00,00,고원
2023.05.21,21:45,거의 다,Text,00,00,고원
2023.05.21,21:45,10시간 장작소리,Text,00,00,고원
2023.05.21,21:45,이런거있잖아요,Text,00,00,고원
2023.05.21,21:45,그런 채널들,Text,00,00,고원
2023.05.21,21:45,ㅋㅋㅋㅋㅋㅋㅋㅋㅌㅋㅋㅋㅋ,Text,00,00,고원
2023.05.21,21:57,ㅋㅋㅋㅋㅌㅋㅋㅋ,Text,00,00,고원
2023.05.21,21:57,갑자기,Text,00,00,고원
2023.05.21,21:57,통화하고 왓음~♡,Text,00,00,고원
2023.05.21,21:57,아빠가 출장갔는디,Text,00,00,고원
2023.05.21,21:57,옆에 오빛있다고,Text,00,00,고원
2023.05.21,21:57,잠깐 인사햇어,Text,00,00,고원
2023.05.21,21:59,00,Voice,00,00,고원
2023.05.21,22:01,통화하는 척~♡,Text,00,00,고원
2023.05.21,22:03,동영상은 안되는 거 가튼디...!,Text,00,00,고원
2023.05.21,22:03,아 헐랭 되는듯~,Text,00,00,고원
2023.05.21,22:04,아놔 근데 동영상은 지금 업서요~,Text,00,00,고원
2023.05.21,22:04,낼 사진 좀 찍어보겠어요,Text,00,00,고원
2023.05.21,22:04,원래 사진을 많이 안 찍는데,Text,00,00,고원
2023.05.21,22:04,이제 프롬 생겼으니,Text,00,00,고원
2023.05.21,22:04,일상을 찍어보도록,Text,00,00,고원
2023.05.21,22:05,하겠어요,Text,00,00,고원
2023.05.21,22:05,그런 김에,Text,00,00,고원
2023.05.21,22:05,투표 받아요,Text,00,00,고원
2023.05.21,22:05,앞머리,Text,00,00,고원
2023.05.21,22:05,있 없,Text,00,00,고원
2023.05.21,22:06,우와,Text,00,00,고원
2023.05.21,22:06,생각보다 있는 거 인기 많다,Text,00,00,고원
2023.05.21,22:06,헐~!,Text,00,00,고원
2023.05.21,22:07,오늘 자를까말까 고민중이었는데,Text,00,00,고원
2023.05.21,22:07,일단 자를게여,Text,00,00,고원
2023.05.21,22:07,어차피 잘라도 넘길 수 있서용,Text,00,00,고원
2023.05.21,22:07,지금은 내리기엔 긴 정도로,Text,00,00,고원
2023.05.21,22:07,좀 자랐어여!!!,Text,00,00,고원
2023.05.21,22:11,🥷아쥬아주 나중에...... 앞머리 있는 금발 고원이도 볼 수 있을까...?,Text,00,00,고원
2023.05.21,22:11,왁,Text,00,00,고원
2023.05.21,22:12,이건 약간 소화하기 어려울듯해보야요,Text,00,00,고원
2023.05.21,22:12,ㅋㅋㅋㅋㅋㅋㅋㅋㅋㅋㅋㅋ,Text,00,00,고원
2023.05.21,22:12,하지만 금발을 하게 된다면,Text,00,00,고원
2023.05.21,22:12,나아중에 도전~~~!,Text,00,00,고원
2023.05.21,22:13,저는 주황머리 조았어요,Text,00,00,고원
2023.05.21,22:15,갑자기 사진들을 보다보니,Text,00,00,고원
2023.05.21,22:16,앞 없이 나은 거 가타요,Text,00,00,고원
2023.05.21,22:16,이렇게 1초마다 바뀌는 제 마음,Text,00,00,고원
2023.05.21,22:16,ㅋㅋㅋㅋㅋㅌㅋㅋㅋㅋㅋㅋ,Text,00,00,고원
2023.05.21,22:16,🥷언니 퀸덤때 그 코토리베이지?머리도 진짜 조았어요,Text,00,00,고원
2023.05.21,22:16,헐~~!,Text,00,00,고원
2023.05.21,22:16,나도 이거 좋아,Text,00,00,고원
2023.05.21,22:24,01,Image,00,00,고원
2023.05.21,22:24,02,Image,00,00,고원
2023.05.21,22:24,03,Image,00,00,고원
2023.05.21,22:25,짤랑이랑 찍어봤서,Text,00,00,고원
2023.05.21,22:25,아 웃겨,Text,00,00,고원
2023.05.21,22:25,마자요 이거 최애잠옷,Text,00,00,고원
2023.05.21,22:26,🥷그림으로 전해오던 그 짤랑이 실물이야? ,Text,00,00,고원
2023.05.21,22:26,ㅋㅋㅋㅋㅋㅋㅋㅋㅌㅋㅋㅋㅋㅋ,Text,00,00,고원
2023.05.21,22:26,진짜 어렸을 때 갖고 있던 짤랑이는 사라졌는데,Text,00,00,고원
2023.05.21,22:26,얘는...,Text,00,00,고원
2023.05.21,22:27,새로운 아이랍니다..,Text,00,00,고원
2023.05.21,22:27,미니인형존이 따로 있어오,Text,00,00,고원
2023.05.21,22:28,04,Image,00,00,고원
2023.05.21,22:29,지금 제 옆에 있는 친구들,Text,00,00,고원
2023.05.21,22:29,ㅋㅋㅋㅋㅋㅋㅌㅋㅋㅋㅋ,Text,00,00,고원
2023.05.21,22:29,저 트리가 젤 요란한 친군데,Text,00,00,고원
2023.05.21,22:29,진짜 웃김,Text,00,00,고원
2023.05.21,22:30,목소리도 우렁차고 막 춤춰,Text,00,00,고원
2023.05.21,22:31,00,Video,00,00,고원
2023.05.21,22:31,소리조심,Text,00,00,고원
2023.05.21,22:31,처음에 진짜 깜짝놀람,Text,00,00,고원
2023.05.21,22:33,ㅋㅋㅋㅋㅋㅋ웃기지,Text,00,00,고원
2023.05.21,22:33,🥷누워서 영상만 봤는데 힘들다,Text,00,00,고원
2023.05.21,22:33,아 짱웃겨,Text,00,00,고원
2023.05.21,22:34,오빛들이 즐거웠다면,Text,00,00,고원
2023.05.21,22:34,전 행복해요^^,Text,00,00,고원
2023.05.21,22:35,ㅋㅋㅋㅋㅌㅋㅋㅋㅋ,Text,00,00,고원
2023.05.21,22:35,"오빛들,, 이제 미리 잘자욥..",Text,00,00,고원
2023.05.21,22:36,ㅋㅋㅋㅋㅌㅋ갑~자~기~,Text,00,00,고원
2023.05.21,22:36,쨋든 잘자구~~!,Text,00,00,고원
2023.05.21,22:36,낼 월요팅 하세욥,Text,00,00,고원
2023.05.21,22:36,저는 낼 중요한 약속이 있어요,Text,00,00,고원
2023.05.21,22:37,작은 형님 만나러 갑니다,Text,00,00,고원
2023.05.21,22:37,초성 힌트,Text,00,00,고원
2023.05.21,22:37,ㅇㅇㅈ,Text,00,00,고원
2023.05.21,22:38,ㅋㅋㅋㅌㅋㅋㅋㅋㅋ,Text,00,00,고원
2023.05.21,22:38,안뇽,Text,00,00,고원
2023.05.22,21:56,고원,Text,00,00,고원
2023.05.22,21:56,아이스티 먹는 중~~~,Text,00,00,고원
2023.05.22,21:56,복숭아맛!,Text,00,00,고원
2023.05.22,21:58,🥷작은 형님이라 부르게 된 계기가 있나요,Text,00,00,고원
2023.05.22,21:58,아니요!,Text,00,00,고원
2023.05.22,21:58,ㅋ,Text,00,00,고원
2023.05.22,21:58,어제 걍 첨 말해봤러여,Text,00,00,고원
2023.05.22,21:58,지금 작은형님이랑 있어여,Text,00,00,고원
2023.05.23,00:42,@ 잘자,Text,00,00,고원
2023.05.23,00:44,아직 여지니랑 있는데,Text,00,00,고원
2023.05.23,00:44,전에 만들어준 키링,Text,00,00,고원
2023.05.23,00:44,에어팟에 걸수있게,Text,00,00,고원
2023.05.23,00:44,바꿔주는 즁~,Text,00,00,고원
2023.05.23,00:45,🥷공쥬... 집에 언제 들어가려고 ㅡ_ㅡ,Text,00,00,고원
2023.05.23,00:45,제 방이에용,Text,00,00,고원
2023.05.23,00:45,ㅋㅋㅋㅌㅋㅋㅋㅋㅋㅋㅋㅋㅋ,Text,00,00,고원
2023.05.23,00:45,이미 집~~!,Text,00,00,고원
2023.05.23,00:45,아까 고양이 슬쩍 만나고,Text,00,00,고원
2023.05.23,00:45,오는데 막 천둥번개가,Text,00,00,고원
2023.05.23,00:45,사진만 쫌 찍고,Text,00,00,고원
2023.05.23,00:45,후다닥 들어왔어,Text,00,00,고원
2023.05.23,00:46,진짜 신기하게,Text,00,00,고원
2023.05.23,00:46,우리 딱 들어올때 비 한방울씩,Text,00,00,고원
2023.05.23,13:00,🥷사람을 화나게 하는데는 두가지 방법이 있지. 첫번째는 말을 하다 마는것이고 두번째는...,Text,00,00,고원
2023.05.23,13:00,ㅋㅋㅋㅋㅋㅋㅋㅌㅋㅋㅋㅋㅋ,Text,00,00,고원
2023.05.23,13:00,멀티가 안되는 나!,Text,00,00,고원
2023.05.23,13:00,뭐 저렇게 말하다가 갔대,Text,00,00,고원
2023.05.23,13:00,여진이랑 계속 얘기하다가,Text,00,00,고원
2023.05.23,13:01,예전 무대영상도 보고,Text,00,00,고원
2023.05.23,13:01,그러다가 잠들었어용,Text,00,00,고원
2023.05.23,13:01,ㅋㅋㅋㅋㅋㅌㅋㅋㅋㅋㅋㅋㅋ,Text,00,00,고원
2023.05.23,13:01,오늘도 화이티잉👊,Text,00,00,고원
2023.05.23,13:02,즐거운 화요일 보내요~~!,Text,00,00,고원
2023.05.23,13:02,🥷나는 그 주라주라 직캠 진짜 좋아해 🤤,Text,00,00,고원
2023.05.23,13:02,나도 이거 조아~~!,Text,00,00,고원
2023.05.23,13:02,노래 넘 신나 하면서 재밌었어,Text,00,00,고원
2023.05.23,13:03,🥷고원아 어제 신은 신발 정보 좀 알려줘,Text,00,00,고원
2023.05.23,13:03,고원민수템 알려드려요,Text,00,00,고원
2023.05.23,13:03,mlb!,Text,00,00,고원
2023.05.23,13:03,정말 편하게 그냥 신는 거..,Text,00,00,고원
2023.05.23,13:03,곧 찢어지게 생김..,Text,00,00,고원
2023.05.23,13:04,청키 라이너,Text,00,00,고원
2023.05.23,13:04,이름 이거래,Text,00,00,고원
2023.05.23,13:05,끈 그냥 원래 끈!!,Text,00,00,고원
2023.05.23,13:06,🥷기회되면 여름신발 고원민수템도 공유해줘😎 (내 여름 샌들 이미 찢어짐..),Text,00,00,고원
2023.05.23,13:06,이건 아직 정착 못해서,Text,00,00,고원
2023.05.23,13:06,좀만 더 여름되면..,Text,00,00,고원
2023.05.23,13:07,아직은 그냥,Text,00,00,고원
2023.05.23,13:07,크록스만 신는 여자,Text,00,00,고원
2023.05.23,13:07,🥷분위기 타서 크록스도 머 신는지 공유해조,Text,00,00,고원
2023.05.23,13:08,ㅋㅋㅋㅋㅋㅋㅌㅋㅋㅋㅋㅋ,Text,00,00,고원
2023.05.23,13:08,크록스는 연두색,Text,00,00,고원
2023.05.23,13:08,굽 좀 있는건데,Text,00,00,고원
2023.05.23,13:08,ㄱㄷㄱㄷ,Text,00,00,고원
2023.05.23,13:09,클래식 플랫폼,Text,00,00,고원
2023.05.23,13:09,샐러리색,Text,00,00,고원
2023.05.23,13:09,지비츠는 사실 관심 없어서,Text,00,00,고원
2023.05.23,13:10,걍 아무것도 없이 다니다가,Text,00,00,고원
2023.05.23,13:10,예에에전에 여진이가,Text,00,00,고원
2023.05.23,13:10,나비랑 보석 이런 거,Text,00,00,고원
2023.05.23,13:10,선물해줬는데,Text,00,00,고원
2023.05.23,13:10,너무 열심히 신다보니 거의 다 떨어졌ㅇ,Text,00,00,고원
2023.05.23,13:11,전에 카페에서,Text,00,00,고원
2023.05.23,13:11,아기강아지가 내 발 주위에서 놀고 있었는데,Text,00,00,고원
2023.05.23,13:11,내가 한눈판 사이에,Text,00,00,고원
2023.05.23,13:12,지비츠를 하나 빼서 입에 물고 있는 거야,Text,00,00,고원
2023.05.23,13:12,그래서 먹을까봐,Text,00,00,고원
2023.05.23,13:12,식겁해서,Text,00,00,고원
2023.05.23,13:12,후다닥 빼줬어 ㅠ,Text,00,00,고원
2023.05.23,13:12,다행히 순한 강아지라서,Text,00,00,고원
2023.05.23,13:12,바로 툭 뱉엄ㅅ어,Text,00,00,고원
2023.05.23,13:13,🥷하근데왜캐웃기지 강아지 힘 진짜 쎄고 언니 멀티 진짜 안되는구나...,Text,00,00,고원
2023.05.23,13:13,ㅋㅋㅋㅋㅋㅋㅌㅋㅋㅋㅋㅋㅋㅋㅋ,Text,00,00,고원
2023.05.23,13:13,약간 또 그런 것도 있어,Text,00,00,고원
2023.05.23,13:13,이렇게 타자칠때,Text,00,00,고원
2023.05.23,13:14,좀 웅얼웅얼 말해야지,Text,00,00,고원
2023.05.23,13:14,잘 쳐져,Text,00,00,고원
2023.05.23,13:14,그래서 전에 왜 계속 혼자 말하냐거,Text,00,00,고원
2023.05.23,13:14,한소리들음..~ ㅜ.ㅜ,Text,00,00,고원
2023.05.23,13:15,ㅋㅋㅋㅋㅌㅋㅋㅋㅋㅋㅋ,Text,00,00,고원
2023.05.23,13:15,쨋든 조은하루~~~!,Text,00,00,고원
2023.05.23,13:15,준비하러 갑네다,Text,00,00,고원
2023.05.24,00:06,이부언니 생축~~~!,Text,00,00,고원
2023.05.24,00:15,아까 만나서 생일노래 불러주긴 했더,Text,00,00,고원
2023.05.24,00:15,🥷언니!!!! 언니 마일섬 어케 됐어??? 다람이 데려왔오?????,Text,00,00,고원
2023.05.24,00:15,이거 진짜 슬퍼,Text,00,00,고원
2023.05.24,00:15,결국 못만나서,Text,00,00,고원
2023.05.24,00:16,글루민이라는 아기곰 데려왔어,Text,00,00,고원
2023.05.24,00:16,*동숲얘기입니다*,Text,00,00,고원
2023.05.24,00:16,00,Image,00,00,고원
2023.05.24,00:17,지금 우리섬 친구들,Text,00,00,고원
2023.05.24,00:17,글루민 오자마자,Text,00,00,고원
2023.05.24,00:17,최애 자리를 넘보는중,Text,00,00,고원
2023.05.24,00:18,글루민이랑 나키 둘이 친해,Text,00,00,고원
2023.05.24,00:18,귀여워죽겍어,Text,00,00,고원
2023.05.24,00:18,아까 우리섬에,Text,00,00,고원
2023.05.24,00:18,도현언니 놀러왔었어,Text,00,00,고원
2023.05.24,00:19,이브언니의 부산친구,Text,00,00,고원
2023.05.24,00:19,ㅋ ㅋ ㅋ,Text,00,00,고원
2023.05.24,00:19,맨날 언니랑 동숲 얘기하면,Text,00,00,고원
2023.05.24,00:19,이브언니 혼자 아무말더 모름,Text,00,00,고원
2023.05.24,00:27,ㅋㅋㅋㅋㅌㅋ동숲 재미써~~~!,Text,00,00,고원
2023.05.24,00:27,@ 잘쟈,Text,00,00,고원
2023.05.24,15:40,인서타 사진,Text,00,00,고원
2023.05.24,15:40,여지니가 찍어준거!,Text,00,00,고원
2023.05.24,15:40,하지만 이브언니 생일이라,Text,00,00,고원
2023.05.24,15:40,괜히 케이크 넣어봄,Text,00,00,고원
2023.05.24,15:43,조은하루보내기~~♡ ,Text,00,00,고원
2023.05.24,15:44,지금은 시간이 어정쩡하니,Text,00,00,고원
2023.05.24,15:44,간식추천,Text,00,00,고원
2023.05.24,15:44,탕후루~♡,Text,00,00,고원
2023.05.24,17:33,🥷안이 채원아 평소에 혜주 포토카드 챙겨서 다녀?!,Text,00,00,고원
2023.05.24,17:33,아뇨!,Text,00,00,고원
2023.05.24,17:33,오빛포카 뺏어서 찍은 거~♡,Text,00,00,고원
2023.05.24,17:34,이브언니 생카 같이 구경 다녀왔아,Text,00,00,고원
2023.05.24,17:34,재밌었당,Text,00,00,고원
2023.05.24,17:34,생축~~~~!~!,Text,00,00,고원
2023.05.25,01:33,@ 잘자~~~♡,Text,00,00,고원
2023.05.25,18:42,누리호 보는 중..~~,Text,00,00,고원
2023.05.25,18:42,이미 발사 다했어,Text,00,00,고원
2023.05.25,18:43,맛저하세용~~~,Text,00,00,고원
2023.05.25,18:44,오늘 먹은 거,Text,00,00,고원
2023.05.25,18:44,자이언트 떡볶이,Text,00,00,고원
2023.05.25,18:44,저메추 떡볶이~♡,Text,00,00,고원
2023.05.25,18:45,어제 밥 다 먹고,Text,00,00,고원
2023.05.25,18:45,집 가려는데,Text,00,00,고원
2023.05.25,18:45,길거리 떡볶이가 있는 거야,Text,00,00,고원
2023.05.25,18:45,그래서 홀린듯이 쳐다보고 왔어,Text,00,00,고원
2023.05.25,18:46,나는 약간 걸쭉한 스타일 조아함,Text,00,00,고원
2023.05.25,18:47,헐~,Text,00,00,고원
2023.05.25,18:47,즉떡 맛있겠네,Text,00,00,고원
2023.05.25,18:47,어렸을 때,Text,00,00,고원
2023.05.25,18:48,짜장즉떡 가게 엄청 많이 갔는데,Text,00,00,고원
2023.05.25,18:48,진짜 너무 맛있어서,Text,00,00,고원
2023.05.25,18:48,아직도 생각 남..~~~,Text,00,00,고원
2023.05.25,18:49,와,Text,00,00,고원
2023.05.25,18:49,입이 궁금하다,Text,00,00,고원
2023.05.25,18:49,라는 말 아는 사람,Text,00,00,고원
2023.05.25,18:49,????,Text,00,00,고원
2023.05.25,18:50,헐~,Text,00,00,고원
2023.05.25,18:50,처음들어봄,Text,00,00,고원
2023.05.25,18:50,옆에 도현언니랑 이브언니 있는데,Text,00,00,고원
2023.05.25,18:50,도현언니가 갑자기,Text,00,00,고원
2023.05.25,18:50,입이 궁금하다~,Text,00,00,고원
2023.05.25,18:50,이래서,Text,00,00,고원
2023.05.25,18:50,??????,Text,00,00,고원
2023.05.25,18:51,입이 심심하다랑 똑같은 말이래,Text,00,00,고원
2023.05.25,18:55,갑자기 사투리 유튜브 보는중,Text,00,00,고원
2023.05.25,18:55,🥷아니 근데 생각해보니까 도현님 개인기 안했네…,Text,00,00,고원
2023.05.25,18:55,어제 라방 끄고 생각나서,Text,00,00,고원
2023.05.25,18:55,우리한테만 해줬어,Text,00,00,고원
2023.05.25,18:55,ㅋㅋㅋㅋㅋㅋㅋㅌㅋㅋㅋㅋㅋ,Text,00,00,고원
2023.05.25,20:25,속보,Text,00,00,고원
2023.05.25,20:25,고원 곧 인스타 올릴 예정,Text,00,00,고원
2023.05.25,20:25,ㅋ ㅋ ㅋ,Text,00,00,고원
2023.05.25,20:26,1등한 오빛~,Text,00,00,고원
2023.05.25,20:27,1등 왤케 많어,Text,00,00,고원
2023.05.25,20:28,🥷언니 그나저나 어제 퍼컬 검사 받았다구 햇자나요!! 뭐 나왓어요!?,Text,00,00,고원
2023.05.25,20:28,뭐 나왔게요,Text,00,00,고원
2023.05.25,20:29,정답!,Text,00,00,고원
2023.05.25,20:29,여쿨라,Text,00,00,고원
2023.05.25,20:29,입니다,Text,00,00,고원
2023.05.25,20:29,제 예상과 아예 다른,Text,00,00,고원
2023.05.25,20:29,ㅜ ㅜ,Text,00,00,고원
2023.05.25,20:34,제 예상은,Text,00,00,고원
2023.05.25,20:34,가을뮤트,Text,00,00,고원
2023.05.25,20:34,아니면 봄웜,Text,00,00,고원
2023.05.25,20:34,이거였는데,Text,00,00,고원
2023.05.25,20:34,가을웜이 워스트래,Text,00,00,고원
2023.05.25,20:35,진짜 웃김~,Text,00,00,고원
2023.05.25,20:35,그래서 결과는,Text,00,00,고원
2023.05.25,20:35,1위 여쿨 라이트,Text,00,00,고원
2023.05.25,20:35,2위 여쿨 뮤트,Text,00,00,고원
2023.05.25,20:35,랍니다,Text,00,00,고원
2023.05.25,20:35,3위가 봄웜 라이트,Text,00,00,고원
2023.05.25,20:36,그 후로 화장품을 싹 바꿨더니,Text,00,00,고원
2023.05.25,20:36,생기가 좀 더 있어보이는 듯?,Text,00,00,고원
2023.05.25,20:37,근데 그냥,Text,00,00,고원
2023.05.25,20:37,전에 쓰던 것도 쓰고,Text,00,00,고원
2023.05.25,20:37,맘대로 쓰는 중,Text,00,00,고원
2023.05.25,20:37,ㅋㅋㅋㅋㅋ,Text,00,00,고원
2023.05.25,20:37,기분따라~,Text,00,00,고원
2023.05.25,20:37,느낌따라~,Text,00,00,고원
2023.05.26,17:50,저메추 하러 왔어요,Text,00,00,고원
2023.05.26,17:51,짬뽕,Text,00,00,고원
2023.05.26,17:51,짜장면,Text,00,00,고원
2023.05.26,17:51,대박,Text,00,00,고원
2023.05.26,17:51,저메추 얘기하자마자,Text,00,00,고원
2023.05.26,17:51,오빛이 중식 금지래,Text,00,00,고원
2023.05.26,17:51,낮에 드셨나요?,Text,00,00,고원
2023.05.26,17:51,아놔~~~!,Text,00,00,고원
2023.05.26,17:52,누가 먼저 말했네 ㅠ ,Text,00,00,고원
2023.05.26,17:53,🥷나는 비빔면에 삼겹살 먹기로 함♡,Text,00,00,고원
2023.05.26,17:53,와,Text,00,00,고원
2023.05.26,17:53,이거 맛있겠다,Text,00,00,고원
2023.05.26,17:53,어제 열무비빔면 먹었는데,Text,00,00,고원
2023.05.26,17:53,너무 맛있어서,Text,00,00,고원
2023.05.26,17:53,아직도 생각남 ㅜ,Text,00,00,고원
2023.05.26,17:54,🥷콩국수 요런건 싫어함?! ,Text,00,00,고원
2023.05.26,17:54,콩국수는 못 먹음~ ㅜ,Text,00,00,고원
2023.05.26,17:54,왜인지,Text,00,00,고원
2023.05.26,17:54,두유나 콩국수 먹으면,Text,00,00,고원
2023.05.26,17:55,목이 아프답니다,Text,00,00,고원
2023.05.26,17:55,근데 그냥 콩은 또 먹어,Text,00,00,고원
2023.05.26,17:55,뭐에 알러지가 있는지 모르겟음,Text,00,00,고원
2023.05.26,17:55,🥷채원아.. 그거 대두 알러지..,Text,00,00,고원
2023.05.26,17:56,두부는,Text,00,00,고원
2023.05.26,17:56,너무 좋아해,Text,00,00,고원
2023.05.26,17:57,알러지 검사 한적 있는데,Text,00,00,고원
2023.05.26,17:57,잘은 기억 안 나,Text,00,00,고원
2023.05.26,17:57,일단 고양이 ㅠㅜㅜㅠㅠㅠㅜㅠㅜㅠㅠㅜㅠㅠㅜㅠㅠㅠㅜㅜ,Text,00,00,고원
2023.05.26,17:57,근데 귀여워서 그냥 내가 약 먹고말아,Text,00,00,고원
2023.05.26,17:57,약간 그런 느낌,Text,00,00,고원
2023.05.26,17:57,갑자기 목이 좁아지고,Text,00,00,고원
2023.05.26,17:58,숨 크게 쉬면 바로 기침햐,Text,00,00,고원
2023.05.26,17:58,그리고 복숭아랑.. 사과랑..메론..,Text,00,00,고원
2023.05.26,17:58,꽃가루..,Text,00,00,고원
2023.05.26,17:58,근데 막 엄청 심하진 않아서,Text,00,00,고원
2023.05.26,17:59,대충 먹어,Text,00,00,고원
2023.05.26,17:59,이게 신기한게,Text,00,00,고원
2023.05.26,17:59,알러지 검사 결과에,Text,00,00,고원
2023.05.26,17:59,5점이 젤 심한거면,Text,00,00,고원
2023.05.26,17:59,복숭아는 4점,Text,00,00,고원
2023.05.26,17:59,사과 3점 이랬는데,Text,00,00,고원
2023.05.26,17:59,내 체감상은 사과가 젤 힘들어,Text,00,00,고원
2023.05.26,17:59,간지러죽깃어~,Text,00,00,고원
2023.05.26,17:59,나는 귤♡,Text,00,00,고원
2023.05.26,17:59,젤 조아하고,Text,00,00,고원
2023.05.26,18:00,수박조아,Text,00,00,고원
2023.05.26,18:00,근데 메론은,Text,00,00,고원
2023.05.26,18:00,메론빙수를 좋아해서,Text,00,00,고원
2023.05.26,18:00,걍 시원하게 알싸한 맛으로 먹어,Text,00,00,고원
2023.05.26,18:00,🥷나눈 체리 알러지가 잇허요... 먹으면 목이 간지러워🥺,Text,00,00,고원
2023.05.26,18:00,헐랭~,Text,00,00,고원
2023.05.26,18:00,나도 체리,Text,00,00,고원
2023.05.26,18:01,근데 맛있어서,Text,00,00,고원
2023.05.26,18:01,좀 먹긴함 ㅠ,Text,00,00,고원
2023.05.26,18:01,약간 모기물린거처럼 올라오는디,Text,00,00,고원
2023.05.26,18:01,랜덤이라,Text,00,00,고원
2023.05.26,18:01,그냥 안올라오길 바라는 마음으로~~,Text,00,00,고원
2023.05.26,18:02,대충 뭐 그렇답니더..~,Text,00,00,고원
2023.05.26,18:03,🥷알러지는 컨디션 안 좋고 면역력 떨어지면 돌려돌려돌림판~~~ 해서 랜덤으로 생겨.. ,Text,00,00,고원
2023.05.26,18:03,조심하세요........,Text,00,00,고원
2023.05.26,18:03,모두 건강하게,Text,00,00,고원
2023.05.26,18:04,영양제 챙갸먹읍시다,Text,00,00,고원
2023.05.26,18:05,저녁 맛잇게 드세용,Text,00,00,고원
2023.05.26,23:19,고원시,Text,00,00,고원
2023.05.26,23:20,앗싸,Text,00,00,고원
2023.05.26,23:20,성공~!,Text,00,00,고원
2023.05.26,23:22,일찍 자는 오빛들은,Text,00,00,고원
2023.05.26,23:22,잘자용,Text,00,00,고원
2023.05.26,23:23,@ 잘자~~♡,Text,00,00,고원
2023.05.26,23:23,늦게 자는 오빛들은,Text,00,00,고원
2023.05.26,23:23,흠..~,Text,00,00,고원
2023.05.26,23:24,저는 사실 방금 쪼끔 잠들었어요,Text,00,00,고원
2023.05.26,23:24,ㅋ ㅋ ㅋ,Text,00,00,고원
2023.05.26,23:24,🥷언니 아까두 5시쯤에 잤담서요!! ,Text,00,00,고원
2023.05.26,23:24,꺅,Text,00,00,고원
2023.05.26,23:25,어제 거의 안자버려서,Text,00,00,고원
2023.05.26,23:25,오늘 일과,Text,00,00,고원
2023.05.26,23:25,나갔다가 와서 낮잠 좀 자야지~,Text,00,00,고원
2023.05.26,23:25,했는데 누가 딱 전화와서,Text,00,00,고원
2023.05.26,23:25,날깨움 ㅜ,Text,00,00,고원
2023.05.26,23:25,그래서 잠 다 달아나서,Text,00,00,고원
2023.05.26,23:25,일단 만남,Text,00,00,고원
2023.05.26,23:26,그리고 방금 잠..~~,Text,00,00,고원
2023.05.26,23:28,🥷난 내일 야구 보러 갈 거라서 꽃가루알러지 약 먹고 자야됨 ㅜ,Text,00,00,고원
2023.05.26,23:28,헐~,Text,00,00,고원
2023.05.26,23:28,꽃가루 엄청 많던데,Text,00,00,고원
2023.05.26,23:28,근데 재밌겠다,Text,00,00,고원
2023.05.26,23:29,🥷난내일 피크페스티벌감✌️✌️,Text,00,00,고원
2023.05.26,23:29,헐 이것도 재밌겠다,Text,00,00,고원
2023.05.26,23:30,저는 날 좋아지니까,Text,00,00,고원
2023.05.26,23:30,놀이공원 가고싶어요,Text,00,00,고원
2023.05.26,23:30,재밌겠다~~~,Text,00,00,고원
2023.05.26,23:30,헐 푸바오,Text,00,00,고원
2023.05.26,23:31,아니 어제 푸바오 영상보고,Text,00,00,고원
2023.05.26,23:31,완전 입덕했어,Text,00,00,고원
2023.05.26,23:31,왤케 기여운거임?,Text,00,00,고원
2023.05.26,23:31,너무 귀엽고,Text,00,00,고원
2023.05.26,23:31,그 강바오할부지님이랑,Text,00,00,고원
2023.05.26,23:31,둘이 있능 거 보면,Text,00,00,고원
2023.05.26,23:31,너무 힐링됨 ㅜ,Text,00,00,고원
2023.05.26,23:32,유퀴즈 보고,Text,00,00,고원
2023.05.26,23:32,그냥 푸바오 검샥해사,Text,00,00,고원
2023.05.26,23:32,이것저것 많이 봤어,Text,00,00,고원
2023.05.26,23:32,귀여워!!!!!!!!!!!!!,Text,00,00,고원
2023.05.27,18:06,📢📢📢📢📢,Text,00,00,고원
2023.05.27,18:06,엥,Text,00,00,고원
2023.05.27,18:06,이제 간다,Text,00,00,고원
2023.05.27,18:07,이부언니 프롬 하는 오빛,Text,00,00,고원
2023.05.27,18:07,저희의 스즈메 잘 들으셧나요,Text,00,00,고원
2023.05.27,18:07,스즈메 ost 듣는 즁~~,Text,00,00,고원
2023.05.27,18:09,고원이한테 영화 추천해주기 놀이 하자,Text,00,00,고원
2023.05.27,18:09,장르 상관 ㄴㄴ,Text,00,00,고원
2023.05.27,18:09,재밌으면됨,Text,00,00,고원
2023.05.27,18:10,조조래빗이 머야,Text,00,00,고원
2023.05.27,18:10,검색찬스,Text,00,00,고원
2023.05.27,18:11,"🥷나는 내일 어제의 너와 만난다

이건 n회차 필수",Text,00,00,고원
2023.05.27,18:11,이거 진짜,Text,00,00,고원
2023.05.27,18:11,세번정도 봤는데,Text,00,00,고원
2023.05.27,18:11,그냥 오열함,Text,00,00,고원
2023.05.27,18:11,"🥷루이스웨인:사랑을 그린 고양이 화가
잔잔바리 영화인데 귀여운 고양이가 나와요",Text,00,00,고원
2023.05.27,18:12,귀여운 고양이라면 쫌 보고싶어지네,Text,00,00,고원
2023.05.27,18:12,🥷올빼미!!!!!!!!!!!!! 너무 재밌어 ,Text,00,00,고원
2023.05.27,18:12,헐 이거,Text,00,00,고원
2023.05.27,18:12,ㅇㅈㅇㅈ,Text,00,00,고원
2023.05.27,18:12,완전 재밌음,Text,00,00,고원
2023.05.27,18:12,추천,Text,00,00,고원
2023.05.27,18:13,제 취향,Text,00,00,고원
2023.05.27,18:13,너무 액션은 안 좋아하는듯..?,Text,00,00,고원
2023.05.27,18:13,너무 무거운 소재는,Text,00,00,고원
2023.05.27,18:13,약간 부담스러운 느낌,Text,00,00,고원
2023.05.27,18:13,ㅋ ㅋ ㅋ 근데 범죄도시는,Text,00,00,고원
2023.05.27,18:13,보러갈 예정,Text,00,00,고원
2023.05.27,18:13,ㅋㅋㅋㅌㅋㅋㅋㅋㅋㅋㅋ,Text,00,00,고원
2023.05.27,18:15,오늘밤 세계에서 이 사랑이 사라진다해도,Text,00,00,고원
2023.05.27,18:15,이거 추천 많당,Text,00,00,고원
2023.05.27,18:16,지식인❕,Text,00,00,고원
2023.05.27,18:16,이거 어디서 보나요?,Text,00,00,고원
2023.05.27,18:17,ㅇㅋ~,Text,00,00,고원
2023.05.27,18:17,웨이브 네이버 유튜브,Text,00,00,고원
2023.05.27,18:17,등등,Text,00,00,고원
2023.05.27,18:17,있대요,Text,00,00,고원
2023.05.27,18:17,🥷고원언니!!!슈퍼 마리오는 어때요?!!!,Text,00,00,고원
2023.05.27,18:17,재밌어요?????????,Text,00,00,고원
2023.05.27,18:18,흠~,Text,00,00,고원
2023.05.27,18:18,마리오 게임은 해봤지만,Text,00,00,고원
2023.05.27,18:18,팬은 아니라,Text,00,00,고원
2023.05.27,18:18,확 끌리진 않군요,Text,00,00,고원
2023.05.27,18:19,어제 이브언니랑,Text,00,00,고원
2023.05.27,18:20,지선씨네 마인드,Text,00,00,고원
2023.05.27,18:20,거기서 케빈에 대하여 리뷰한 거 봤어,Text,00,00,고원
2023.05.27,18:20,진짜 천재 같으셔,Text,00,00,고원
2023.05.27,18:20,새로운 해석으로 보니까 재밌더라,Text,00,00,고원
2023.05.27,18:20,🥷케빈이면 나홀로집에??,Text,00,00,고원
2023.05.27,18:21,깍,Text,00,00,고원
2023.05.27,18:21,아니!,Text,00,00,고원
2023.05.27,18:21,ㅋㅋㅋㅌㅋㅋㅋㅋㅋㅋㅋㅋ,Text,00,00,고원
2023.05.27,18:21,나홀로집에는 진짜 많이 봤어,Text,00,00,고원
2023.05.27,18:22,"🥷궁금한점 질문~!!~~
채원이는 수영이랑 일주일에 몇번만나나여???",Text,00,00,고원
2023.05.27,18:22,흠~,Text,00,00,고원
2023.05.27,18:22,수영언니 : 8번정도..?,Text,00,00,고원
2023.05.27,18:23,"🥷넷플에
무비: 우리가 사랑한 영화들
일종의 다큐인데 나홀로집에 편도 있어 꼭 봐",Text,00,00,고원
2023.05.27,18:23,와 이거 진짜 재밌을듯,Text,00,00,고원
2023.05.27,18:24,아 마자,Text,00,00,고원
2023.05.27,18:24,바비,Text,00,00,고원
2023.05.27,18:24,보고시픔,Text,00,00,고원
2023.05.27,18:26,빨리 개봉해주세요,Text,00,00,고원
2023.05.27,18:26,🙏,Text,00,00,고원
2023.05.27,18:27,예고편 보니까 빨리 보고싶어젺어,Text,00,00,고원
2023.05.27,22:06,00,Image,00,00,고원
2023.05.27,22:06,묘끼 더워보여서,Text,00,00,고원
2023.05.27,22:06,물갈아주고,Text,00,00,고원
2023.05.27,22:06,얼음도 동동 띄워줬어,Text,00,00,고원
2023.05.27,22:06,위에 안경,Text,00,00,고원
2023.05.27,22:06,인질이야,Text,00,00,고원
2023.05.27,22:06,묘끼 옆에,Text,00,00,고원
2023.05.27,22:07,꼬마 묘끼가 생겼어,Text,00,00,고원
2023.05.27,22:07,왜인지 모르겠음..,Text,00,00,고원
2023.05.27,22:07,애가 크는 느낌은 안 나..,Text,00,00,고원
2023.05.27,22:08,진짜 막시무스일까..?,Text,00,00,고원
2023.05.27,22:08,꼬마 이름 공모전 시작합니다,Text,00,00,고원
2023.05.27,22:09,왤케 모기가 많아!,Text,00,00,고원
2023.05.27,22:09,모기 탈락,Text,00,00,고원
2023.05.27,22:09,썩 기분이 좋지 않은 이름이야..,Text,00,00,고원
2023.05.27,22:09,뇨끼,Text,00,00,고원
2023.05.27,22:09,깍,Text,00,00,고원
2023.05.27,22:09,ㅋㅋㅋㅌㅋㅋㅋㅋㅋㅋㅋㅋㅋㅋ,Text,00,00,고원
2023.05.27,22:10,🥷커피믹스 묘끼,Text,00,00,고원
2023.05.27,22:10,아,Text,00,00,고원
2023.05.27,22:10,이거 좀 어이없는데 웃기다,Text,00,00,고원
2023.05.27,22:11,성을 막시무스로 할래,Text,00,00,고원
2023.05.27,22:11,묘0,Text,00,00,고원
2023.05.27,22:11,이거나,Text,00,00,고원
2023.05.27,22:11,0끼,Text,00,00,고원
2023.05.27,22:11,🥷막시무스 조끼,Text,00,00,고원
2023.05.27,22:11,아,Text,00,00,고원
2023.05.27,22:11,이거 웃기다,Text,00,00,고원
2023.05.27,22:12,묘끼와 조끼,Text,00,00,고원
2023.05.27,22:12,🥷조(그만 묘)끼,Text,00,00,고원
2023.05.27,22:12,와 의미도 있다..,Text,00,00,고원
2023.05.27,22:13,근데 다들,Text,00,00,고원
2023.05.27,22:13,죠끼로 하래,Text,00,00,고원
2023.05.27,22:13,와 근데 탈락,Text,00,00,고원
2023.05.27,22:13,방금 내 마음을 울린 게 나왔어,Text,00,00,고원
2023.05.27,22:13,🥷루끼루끼,Text,00,00,고원
2023.05.27,22:13,이 아가는,Text,00,00,고원
2023.05.27,22:13,rookie,Text,00,00,고원
2023.05.27,22:13,니까,Text,00,00,고원
2023.05.27,22:13,의미가 좋다,Text,00,00,고원
2023.05.27,22:14,죠끼 vs 루끼,Text,00,00,고원
2023.05.27,22:14,ㄱ ㄱ,Text,00,00,고원
2023.05.27,22:15,박빙이다,Text,00,00,고원
2023.05.27,22:15,묘끼 죠끼,Text,00,00,고원
2023.05.27,22:15,묘끼 루끼,Text,00,00,고원
2023.05.27,22:16,이렇게 세트로 하니까,Text,00,00,고원
2023.05.27,22:16,죠끼가 더 인기 많다,Text,00,00,고원
2023.05.27,22:16,나 너무 고민 돼,Text,00,00,고원
2023.05.27,22:17,🥷막묘묘 막죠죠 인거에요?,Text,00,00,고원
2023.05.27,22:17,헐,Text,00,00,고원
2023.05.27,22:17,그러고보니,Text,00,00,고원
2023.05.27,22:17,막시묘스 였던듯????,Text,00,00,고원
2023.05.27,22:17,🥷묘끼 조금 떼서 셋째 만들고 루끼 시키면 안 돼요?,Text,00,00,고원
2023.05.27,22:17,왁,Text,00,00,고원
2023.05.27,22:17,ㅋㅋㅋㅋㅋㅌㅋㅋㅋㅋㅋㅋㅋㅋㅋ,Text,00,00,고원
2023.05.27,22:17,우리 묘끼 ㅠ ㅜ ㅜ ㅜ ㅜ,Text,00,00,고원
2023.05.27,22:18,🥷막시죠스 죠끼,Text,00,00,고원
2023.05.27,22:18,와,Text,00,00,고원
2023.05.27,22:18,풀네임은 이거 멋지다,Text,00,00,고원
2023.05.27,22:18,일단 막시죠스죠끼 할래,Text,00,00,고원
2023.05.27,22:18,🥷근데 묘끼는 왜 묘끼에용??,Text,00,00,고원
2023.05.27,22:18,전에 묘끼도 이렇게 이름을 짓다가,Text,00,00,고원
2023.05.27,22:18,얘 이름이 뇨끼에서 온 거 같은데...?,Text,00,00,고원
2023.05.27,22:19,아놔,Text,00,00,고원
2023.05.27,22:19,내가 맨날,Text,00,00,고원
2023.05.27,22:19,머하묘~,Text,00,00,고원
2023.05.27,22:19,이래서 다 묘가 되고,Text,00,00,고원
2023.05.27,22:19,어떤 블로거님이 막시무스라는 가짜 마리모,Text,00,00,고원
2023.05.27,22:19,그거에서 막시무스 영감을 받고,Text,00,00,고원
2023.05.27,22:20,아놔,Text,00,00,고원
2023.05.27,22:20,뭐할끼니에서,Text,00,00,고원
2023.05.27,22:20,끼가 왔대,Text,00,00,고원
2023.05.27,22:20,점점 걍 묘끼라 부르니까,Text,00,00,고원
2023.05.27,22:20,다 까먹음,Text,00,00,고원
2023.05.27,22:22,"🥷묘끼 토끼 묘, 토끼의 끼
토끼처럼 깡총깡총 잘 뛰어다니란 뜻",Text,00,00,고원
2023.05.27,22:22,이거래,Text,00,00,고원
2023.05.27,22:22,왜 토끼로 한거지?,Text,00,00,고원
2023.05.27,22:23,모르겠음~,Text,00,00,고원
2023.05.27,22:23,그냥 일단,Text,00,00,고원
2023.05.27,22:23,막시묘스 루끼,Text,00,00,고원
2023.05.27,22:23,이거할래,Text,00,00,고원
2023.05.27,22:23,루키가 맘에 들어,Text,00,00,고원
2023.05.27,22:23,ㅋ ㅋ ㅋ,Text,00,00,고원
2023.05.27,22:24,이러고 내일 막시죠스로 갈아탈수도,Text,00,00,고원
2023.05.27,22:24,"🥷막시묘스 료끼

지독한 라임러...",Text,00,00,고원
2023.05.27,22:24,료끼,Text,00,00,고원
2023.05.27,22:24,얼핏보면 루키,Text,00,00,고원
2023.05.27,22:24,묘끼 료끼,Text,00,00,고원
2023.05.27,22:24,귀여운듯??????,Text,00,00,고원
2023.05.27,22:24,🥷막시죠스 우르롹끼,Text,00,00,고원
2023.05.27,22:24,하...,Text,00,00,고원
2023.05.27,22:25,이런 거에 웃지 않는 여성이 되고 싶은데,Text,00,00,고원
2023.05.27,22:25,와 쿠키,Text,00,00,고원
2023.05.27,22:25,쿠키 귀여운데,Text,00,00,고원
2023.05.27,22:25,쿠끼,Text,00,00,고원
2023.05.27,22:25,로해야함 대신,Text,00,00,고원
2023.05.27,22:25,꾸끼,Text,00,00,고원
2023.05.27,22:25,묘끼가 만든 꾸끼,Text,00,00,고원
2023.05.27,22:26,그럼 일단 또,Text,00,00,고원
2023.05.27,22:26,꾸끼로,Text,00,00,고원
2023.05.27,22:26,해야겠다,Text,00,00,고원
2023.05.27,22:26,건강하렴~~,Text,00,00,고원
2023.05.27,22:26,헐,Text,00,00,고원
2023.05.27,22:26,작년 5월에 묘끼 이름정했대,Text,00,00,고원
2023.05.27,22:26,매년 5월 마리모 이름 짓기 대회,Text,00,00,고원
2023.05.27,22:31,너무 안 자란 거 같아서,Text,00,00,고원
2023.05.27,22:32,마리모 1년 검색해봤는데,Text,00,00,고원
2023.05.27,22:32,원래 엄청 조금 크나봐,Text,00,00,고원
2023.05.27,22:32,가끔씩 묘끼 근황 물어보는 오빛들 있었는데,Text,00,00,고원
2023.05.27,22:32,늘 똑같아서,Text,00,00,고원
2023.05.27,22:32,답변해줄 거가 없었어..,Text,00,00,고원
2023.05.27,22:33,꾸끼는 왜 생겼는지,Text,00,00,고원
2023.05.27,22:33,정말 아예 모르겠어,Text,00,00,고원
2023.05.27,22:34,궁금증 해결이,Text,00,00,고원
2023.05.27,22:34,전혀 안됐지?,Text,00,00,고원
2023.05.27,22:34,ㅋㅋㅋㅋㅌㅋㅋㅋㅋㅋㅋㅋㅋ,Text,00,00,고원
2023.05.27,22:40,🥷요즘 자주 쓰는 이모티콘이 있나용?* ੈ✩‧₊˚* ੈ✩‧₊,Text,00,00,고원
2023.05.27,22:40,카톡???!,Text,00,00,고원
2023.05.27,22:41,이런 거는 걍,Text,00,00,고원
2023.05.27,22:41,하트!,Text,00,00,고원
2023.05.27,22:41,♡,Text,00,00,고원
2023.05.27,22:41,그냥 괜히,Text,00,00,고원
2023.05.27,22:41,이모티콘~♡ ,Text,00,00,고원
2023.05.27,22:41,이런식으로 많이 써,Text,00,00,고원
2023.05.27,22:41,카톡은,Text,00,00,고원
2023.05.27,22:41,이모티콘 플러스 쓰다가,Text,00,00,고원
2023.05.27,22:42,어치피 계속 쓰는 거만 써서,Text,00,00,고원
2023.05.27,22:42,커햄이 일단 귀엽고,Text,00,00,고원
2023.05.27,22:42,제법 귀여운 햄규 ~,Text,00,00,고원
2023.05.27,22:42,이거,Text,00,00,고원
2023.05.27,22:43,헐~~~~,Text,00,00,고원
2023.05.27,22:43,마루 이모티콘 나왔대,Text,00,00,고원
2023.05.27,22:43,구경해야지,Text,00,00,고원
2023.05.27,22:44,🥷호락호락하지 않은 햄스터도 기여워,Text,00,00,고원
2023.05.27,22:44,이름부터 내스타일이다,Text,00,00,고원
2023.05.27,22:44,구경해볼게,Text,00,00,고원
2023.05.27,22:45,망그러진곰 귀엽지,Text,00,00,고원
2023.05.27,22:45,근데 나는 햄터 써,Text,00,00,고원
2023.05.27,22:45,🥷고원이도 카톡 프로필뮤직 설정하니?,Text,00,00,고원
2023.05.27,22:45,이건 안해욥,Text,00,00,고원
2023.05.27,22:46,🥷나는 아무것도 없어 카톡 프로필에 프사도 배사도 음악도…,Text,00,00,고원
2023.05.27,22:46,저도 약간,Text,00,00,고원
2023.05.27,22:46,365일중에,Text,00,00,고원
2023.05.27,22:46,300일은 이상태,Text,00,00,고원
2023.05.27,22:47,65일은,Text,00,00,고원
2023.05.27,22:47,갑자기 귀여운 거 발견햤을때,Text,00,00,고원
2023.05.27,22:47,셀카는 진짜 안함,Text,00,00,고원
2023.05.27,22:48,🥷우비쓴 강아지,Text,00,00,고원
2023.05.27,22:48,ㅋㅋㅋㅋㅌㅋㅋㅋㅋㅋㅋㅋㅋㅋ,Text,00,00,고원
2023.05.27,22:48,아마 지금도 이 강아지일걸????,Text,00,00,고원
2023.05.27,22:48,모르겐네,Text,00,00,고원
2023.05.27,22:49,딩가라는 강아지야,Text,00,00,고원
2023.05.27,22:49,잘보면 뭔가 눈촉촉해서 귀엽길래,Text,00,00,고원
2023.05.27,22:52,내일도 비온대요~~~~~~~🥲,Text,00,00,고원
2023.05.27,22:53,하지만 미세먼지가 좋음이야,Text,00,00,고원
2023.05.27,22:54,낼 나갈 오빛들 우산챙겨나가기|~~,Text,00,00,고원
2023.05.27,22:54,나는 방콕할듯 ??!??!! ,Text,00,00,고원
2023.05.27,22:54,넘 습햐~~,Text,00,00,고원
2023.05.27,22:56,레인부츠 안 신어|~~~!,Text,00,00,고원
2023.05.27,22:56,걍 단화말고,Text,00,00,고원
2023.05.27,22:56,약간 높은 운동화 신어,Text,00,00,고원
2023.05.27,22:56,발에 물들어오지 않게,Text,00,00,고원
2023.05.27,22:57,🥷근데 궁금한 점!! 저 작대기는 물결 옆에 있나요?,Text,00,00,고원
2023.05.27,22:57,ㅋㅋㅋㅋㅌㅋㅋㅋㅋㅋㅋㅋㅋ,Text,00,00,고원
2023.05.27,22:57,이거 진짜 뭐지?,Text,00,00,고원
2023.05.27,22:57,왜 물결칠때 계속 같이 보내지,Text,00,00,고원
2023.05.27,22:57,1,Text,00,00,고원
2023.05.27,22:58,아 헐,Text,00,00,고원
2023.05.27,22:58,|,Text,00,00,고원
2023.05.27,22:58,진찌 옆에잇음,Text,00,00,고원
2023.05.27,22:58,어쩐지 ㅋ,Text,00,00,고원
2023.05.27,22:59,흠,Text,00,00,고원
2023.05.27,22:59,@ 잘자,Text,00,00,고원
2023.05.27,22:59,ㅋㅋㅋㅋㅋㅋㅋㅋㅋㅋㅋㅋㅋㅋㅋ,Text,00,00,고원
2023.05.27,22:59,갑자기~!,Text,00,00,고원
2023.05.28,19:03,🥷고워나!!! 마리모 찬물로 물 갈아주면 마리모 표면에 기포 생기는 게 진짜래!!!,Text,00,00,고원
2023.05.28,19:04,🥷웅니 마리모 찬물로 물 갈아줬을때 기포 생기는게 진짜래요 아니면 수세미래요,Text,00,00,고원
2023.05.28,19:04,지식인스찬이들 많다,Text,00,00,고원
2023.05.28,19:04,다음에 물갈아줄때,Text,00,00,고원
2023.05.28,19:04,한번 봐야겟다,Text,00,00,고원
2023.05.28,19:04,따봉스찬아 고마워!,Text,00,00,고원
2023.05.28,19:05,🥷데뷔 1945일 축하해,Text,00,00,고원
2023.05.28,19:05,감사합이다~♡,Text,00,00,고원
2023.05.28,19:06,🥷언니셀카올려주세요,Text,00,00,고원
2023.05.28,19:06,00,Image,00,00,고원
2023.05.28,19:06,기여븐척~♡,Text,00,00,고원
2023.05.29,00:54,@ 잘자~~,Text,00,00,고원
2023.05.29,00:55,여진이가 필카 찍어준거,Text,00,00,고원
2023.05.29,00:55,보내줬는데,Text,00,00,고원
2023.05.29,00:55,대박 잘나왔다;;;;;,Text,00,00,고원
2023.05.29,00:55,감 동 적 !,Text,00,00,고원
2023.05.29,01:02,아직 고민 중..~,Text,00,00,고원
2023.05.29,01:02,4장 3장 나눠올리기,Text,00,00,고원
2023.05.29,01:02,아니면 7장 한벙에 올리기,Text,00,00,고원
2023.05.29,01:04,흠~,Text,00,00,고원
2023.05.29,01:04,갑자기 맘에 안들어,Text,00,00,고원
2023.05.29,01:04,고민좀,Text,00,00,고원
2023.05.29,01:10,정했다~♡,Text,00,00,고원
2023.05.29,01:10,올려야지,Text,00,00,고원
2023.05.29,01:15,꺄~,Text,00,00,고원
2023.05.29,01:15,ㅋㅋㅋㅋㅌㅋㅋㅋㅋㅋ,Text,00,00,고원
2023.05.29,01:15,어땨요,Text,00,00,고원
2023.05.29,01:15,먼저 올린 거,Text,00,00,고원
2023.05.29,01:15,앞머리가 약간 맘에 안들어서,Text,00,00,고원
2023.05.29,01:15,고민한 거였어,Text,00,00,고원
2023.05.29,01:16,ㅋㅋㅋㅋㅋㅋㅌㅋㅋㅋㅋ,Text,00,00,고원
2023.05.29,01:16,여지나 고맙다~~~~^^,Text,00,00,고원
2023.05.29,01:19,히히ㅣ,Text,00,00,고원
2023.05.29,01:19,진찌 진짜 잘자용,Text,00,00,고원
2023.05.30,18:59,ㅎㅇㅎㅇ,Text,00,00,고원
2023.05.30,18:59,머해,Text,00,00,고원
2023.05.30,19:00,맛저!!!,Text,00,00,고원
2023.05.30,19:00,나는 밥을 좀 전에 먹어서,Text,00,00,고원
2023.05.30,19:00,아까 비빕밥이랑,Text,00,00,고원
2023.05.30,19:00,칼국수,Text,00,00,고원
2023.05.30,19:00,여지니랑 같이 먹엇당,Text,00,00,고원
2023.05.30,19:01,ㅋㅋㅋㅋㅋㅋㅋㅋㅋㅋㅋ,Text,00,00,고원
2023.05.30,19:01,여진이 옆에서,Text,00,00,고원
2023.05.30,19:01,이름짓는대,Text,00,00,고원
2023.05.30,19:01,내 묘끼랑 꾸끼가,Text,00,00,고원
2023.05.30,19:02,부러웠던 모양.ㅋ,Text,00,00,고원
2023.05.30,19:02,🥷한끼 두끼도 조은데.. ,Text,00,00,고원
2023.05.30,19:02,아놔,Text,00,00,고원
2023.05.30,19:02,설마 생명 이름이라면요??????????,Text,00,00,고원
2023.05.30,19:02,조금 슬플듯?,Text,00,00,고원
2023.05.30,19:03,아무래도,Text,00,00,고원
2023.05.30,19:03,묘끼는 최고의 이름이야,Text,00,00,고원
2023.05.30,19:03,아까 내가 루끼 추천했는데,Text,00,00,고원
2023.05.30,19:03,그때는 이게 뭐냐고 뭐라하다가,Text,00,00,고원
2023.05.30,19:03,오빛들이 추천하니까,Text,00,00,고원
2023.05.30,19:03,웃음,Text,00,00,고원
2023.05.30,19:03,어이없음,Text,00,00,고원
2023.05.30,19:05,밖에 덥다~~~,Text,00,00,고원
2023.05.30,19:05,완전 여름,Text,00,00,고원
2023.05.30,19:06,어제는 긴팔입었는데,Text,00,00,고원
2023.05.30,19:06,오늘은 반팔인데도 더움,Text,00,00,고원
2023.05.30,19:07,어제,Text,00,00,고원
2023.05.30,19:07,웃긴 거 찍음,Text,00,00,고원
2023.05.30,19:08,00,Image,00,00,고원
2023.05.30,19:08,국자..love..,Text,00,00,고원
2023.05.30,19:08,아놔,Text,00,00,고원
2023.05.30,19:08,하수영언니임,Text,00,00,고원
2023.05.30,19:08,🥷진짜 상상도 못해서 뭐라 답장해야할지 모르겠다....,Text,00,00,고원
2023.05.30,19:08,ㅋㅋㅋㅋㅋㅋㅋㅋㅋㅋㅋㅋㅋㅋㅋㅋㅋ,Text,00,00,고원
2023.05.30,19:09,저거 곱도리탕,Text,00,00,고원
2023.05.30,19:09,이런게 인스타감성 아닐까?,Text,00,00,고원
2023.05.30,19:10,01,Image,00,00,고원
2023.05.30,19:10,이건 나,Text,00,00,고원
2023.05.30,19:17,02,Image,00,00,고원
2023.05.30,19:18,고원 & 이브언니친구,Text,00,00,고원
2023.05.30,19:20,03,Image,00,00,고원
2023.05.30,19:20,귀여운 사진 대박많음,Text,00,00,고원
2023.05.30,21:06,04,Image,00,00,고원
2023.05.30,21:07,여진이가~~~~~♡,Text,00,00,고원
2023.05.30,21:07,05,Image,00,00,고원
2023.05.30,21:07,두번째 제작중,Text,00,00,고원
2023.05.30,21:08,오늘 같이 가서 재료 사왔아,Text,00,00,고원
2023.05.30,21:10,난 두부랑 노는 중~♡ ,Text,00,00,고원
2023.05.30,21:28,06,Image,00,00,고원
2023.05.30,21:28,왕 귀엽다,Text,00,00,고원
2023.05.30,21:29,둘다내꺼~♡,Text,00,00,고원
2023.05.30,21:29,ㅋㅋㅋㅋㅋㅋㅋㅋㅋㅋㅋㅋ,Text,00,00,고원
2023.05.30,21:30,기분따라 바꾸겠어요,Text,00,00,고원
2023.05.30,23:26,@ 잘자~~~♡,Text,00,00,고원
2023.05.31,23:58,머하셍~~,Text,00,00,고원
2023.05.31,23:59,아직도 일하는 오빛은 머야...?,Text,00,00,고원
2023.06.01,00:00,퇴근해! 퇴근해! 퇴근해!,Text,00,00,고원
2023.06.01,00:00,6월 됐다...,Text,00,00,고원
2023.06.01,00:00,즐거운 6월 보냅시다..~~~,Text,00,00,고원
2023.06.01,00:02,난 방금,Text,00,00,고원
2023.06.01,00:02,팩했어,Text,00,00,고원
2023.06.01,00:02,촉 촉 하 다,Text,00,00,고원
2023.06.01,00:03,하지만 아직 머리도 촉촉해,Text,00,00,고원
2023.06.01,00:19,끄읕.,Text,00,00,고원
2023.06.01,00:21,자는 오빛들은 잘자~~~♡,Text,00,00,고원
2023.06.01,00:24,🥷완전잘자쿨냥이~~ ‪₍ᐢෆ ·̫ ෆᐢ₎‬ ,Text,00,00,고원
2023.06.01,00:24,헐~,Text,00,00,고원
2023.06.01,00:24,곰돌이 귀여워,Text,00,00,고원
2023.06.01,00:25,훔칠게용~♡ ,Text,00,00,고원
2023.06.01,00:25,텍대 완,Text,00,00,고원
2023.06.01,00:25,₍ᐢෆ ·̫ ෆᐢ₎‬ ,Text,00,00,고원
2023.06.01,00:26,🥷그래서 복사 어떻게해요?,Text,00,00,고원
2023.06.01,00:26,두번 터치!,Text,00,00,고원
2023.06.01,00:26,되나요??,Text,00,00,고원
2023.06.01,00:26,에,Text,00,00,고원
2023.06.01,00:27,나랑 다른가??,Text,00,00,고원
2023.06.01,00:27,왜 안되지,Text,00,00,고원
2023.06.01,00:27,궁금한점,Text,00,00,고원
2023.06.01,00:27,여러분도,Text,00,00,고원
2023.06.01,00:27,본인 말풍선이 핑크인가요?,Text,00,00,고원
2023.06.01,00:28,맞아마자 찐한 핑크,Text,00,00,고원
2023.06.01,00:28,나도 내가 핑크,Text,00,00,고원
2023.06.01,00:28,오빛은 회색,Text,00,00,고원
2023.06.01,00:28,🥷정답 라이트모드~,Text,00,00,고원
2023.06.01,00:28,헐~,Text,00,00,고원
2023.06.01,00:28,정답~♡,Text,00,00,고원
2023.06.01,00:29,나는 다크모드 안 써,Text,00,00,고원
2023.06.01,00:29,써보려고 시도하면,Text,00,00,고원
2023.06.01,00:29,괜히 눈이 침침한 느낌이라,Text,00,00,고원
2023.06.01,00:29,다시 라이트모드로 돌아와,Text,00,00,고원
2023.06.01,00:29,넘 익숙해진듯,Text,00,00,고원
2023.06.01,00:29,아,Text,00,00,고원
2023.06.01,00:29,평소에도 화면 엄청 밝게 보거든,Text,00,00,고원
2023.06.01,00:30,그래서 웃긴 거 보면,Text,00,00,고원
2023.06.01,00:30,멤버들 보여주잖아,Text,00,00,고원
2023.06.01,00:30,그럼 💡,Text,00,00,고원
2023.06.01,00:30,갑자기 엄청 밝아서,Text,00,00,고원
2023.06.01,00:30,다들 악! 함,Text,00,00,고원
2023.06.01,00:30,지금은 대충 밝기 80정도인듯...^^,Text,00,00,고원
2023.06.01,00:31,🥷긍대 언니는 메세지 삭제돼여!!!?우린ㅇ안ㄴ대,Text,00,00,고원
2023.06.01,00:31,Deleted,Text,00,00,고원
2023.06.01,00:31,메세지를 삭제하였습니다.,Text,00,00,고원
2023.06.01,00:31,어케 떠?,Text,00,00,고원
2023.06.01,00:31,우와~,Text,00,00,고원
2023.06.01,00:31,Deleted,Text,00,00,고원
2023.06.01,00:31,Deleted,Text,00,00,고원
2023.06.01,00:32,???,Text,00,00,고원
2023.06.01,00:32,예???,Text,00,00,고원
2023.06.01,00:32,ㅋ ㅋ ㅋ,Text,00,00,고원
2023.06.01,00:32,오빛들은 삭제 못하지여,Text,00,00,고원
2023.06.01,00:32,아 오타,Text,00,00,고원
2023.06.01,00:32,이런댓글 많이 봄,Text,00,00,고원
2023.06.01,00:33,🥷아이돌 할걸.,Text,00,00,고원
2023.06.01,00:33,ㅋㅋㅋㅋㅋㅋㅋㅋㅋㅋㅋㅋㅌㅋㅋㅋㅋㅋㅋㅋㅋㅋㅋㅋㅋ,Text,00,00,고원
2023.06.01,00:34,🥷우리글자수제한도잇어,Text,00,00,고원
2023.06.01,00:34,헐~,Text,00,00,고원
2023.06.01,00:34,그니까,Text,00,00,고원
2023.06.01,00:35,가끔 말하다가 마는 오빛들 있어,Text,00,00,고원
2023.06.01,00:35,🥷친해지면 글자수 제한 늘어나~,Text,00,00,고원
2023.06.01,00:35,헐 신기,Text,00,00,고원
2023.06.01,00:35,저도 볼 수 있어요,Text,00,00,고원
2023.06.01,00:35,ㅋ,Text,00,00,고원
2023.06.01,00:35,친구목록이 쫙 있답니다,Text,00,00,고원
2023.06.01,00:35,여러분의 상메,Text,00,00,고원
2023.06.01,00:35,염탐합니다,Text,00,00,고원
2023.06.01,00:35,저랑 며칠 ❤️인지,Text,00,00,고원
2023.06.01,00:36,다 알 수 있습니다,Text,00,00,고원
2023.06.01,00:36,웃긴 상메들도 많아,Text,00,00,고원
2023.06.01,00:37,아 지금 또 보는데,Text,00,00,고원
2023.06.01,00:37,빙수집 줄서서 한시간 기다린 00,Text,00,00,고원
2023.06.01,00:37,이런 오빛도 있어,Text,00,00,고원
2023.06.01,00:37,기엽다,Text,00,00,고원
2023.06.01,00:37,미안 프사는 못 봐 ㅠ,Text,00,00,고원
2023.06.01,00:38,🥷오늘부터 7일까지 올영세일~~,Text,00,00,고원
2023.06.01,00:38,와아~,Text,00,00,고원
2023.06.01,00:38,꿀팁,Text,00,00,고원
2023.06.01,00:38,하지만 항상 세일이 끝나면,Text,00,00,고원
2023.06.01,00:38,사고싶어서 문제,Text,00,00,고원
2023.06.01,00:39,🥷뭐사지 추천템 이써?,Text,00,00,고원
2023.06.01,00:39,광고아닌데,Text,00,00,고원
2023.06.01,00:39,광고 오해받을만해서,Text,00,00,고원
2023.06.01,00:39,얘기 안할래 ㅋ,Text,00,00,고원
2023.06.01,00:39,🥷채원아 언니 아이라인 추천좀,Text,00,00,고원
2023.06.01,00:39,저 이거 3개짼데,Text,00,00,고원
2023.06.01,00:39,특별히 알려드려요,Text,00,00,고원
2023.06.01,00:39,머지 붓펜,Text,00,00,고원
2023.06.01,00:39,ㅋ ㅋ ㅋ,Text,00,00,고원
2023.06.01,00:40,🥷펜슬은안쓰나용,Text,00,00,고원
2023.06.01,00:40,네...,Text,00,00,고원
2023.06.01,00:40,붓펜이 편해여,Text,00,00,고원
2023.06.01,00:40,뭉툭하지않아서,Text,00,00,고원
2023.06.01,00:41,🥷섀도우립블러셔는머써요 권민수할래,Text,00,00,고원
2023.06.01,00:41,정말 궁금하세요...??????!!!,Text,00,00,고원
2023.06.01,00:41,페리페라,Text,00,00,고원
2023.06.01,00:41,이름 잠시만,Text,00,00,고원
2023.06.01,00:42,어 핑크? 너 지금 라벤더하는?,Text,00,00,고원
2023.06.01,00:42,ㅋㅋㅋㅋㅋㅋㅋㅋㅋㅋㅋㅋㅋ,Text,00,00,고원
2023.06.01,00:42,이게 이름임,Text,00,00,고원
2023.06.01,00:42,"근데 이제 팔레튼데 4,5번째만 쓰는",Text,00,00,고원
2023.06.01,00:43,이걸로 블러셔도 하고,Text,00,00,고원
2023.06.01,00:43,섀도우는 거의 안해,Text,00,00,고원
2023.06.01,00:43,🥷채원이 기초는 모 써요 언니 기초 유목민이야 추천해죠..,Text,00,00,고원
2023.06.01,00:43,이게 문제임,Text,00,00,고원
2023.06.01,00:43,진짜,Text,00,00,고원
2023.06.01,00:43,광고아님 🚨,Text,00,00,고원
2023.06.01,00:44,"토리든 스킨부스터
토리든 세럼
토리든 크림",Text,00,00,고원
2023.06.01,00:44,ㅋ,Text,00,00,고원
2023.06.01,00:44,🥷꽤나 광고같은 라인업이네,Text,00,00,고원
2023.06.01,00:44,ㅋㅋㅋㅋㅋㅋㅋㅋㅋㅌㅋㅋㅋ,Text,00,00,고원
2023.06.01,00:44,봐봐;;;;;!;!!!;!!!,Text,00,00,고원
2023.06.01,00:45,🥷고워나 피부 민감성이야 헉시????,Text,00,00,고원
2023.06.01,00:45,어떻게 알앗지?????,Text,00,00,고원
2023.06.01,00:45,기초박사다,Text,00,00,고원
2023.06.01,00:45,🥷나는 립밤추천해줘여,Text,00,00,고원
2023.06.01,00:45,립밤은 바세린이 짱이야,Text,00,00,고원
2023.06.01,00:46,🥷그러묜 나는 마스카라 추천해주라,Text,00,00,고원
2023.06.01,00:46,에뛰드 검정색인데,Text,00,00,고원
2023.06.01,00:47,컬 픽스 뭐 이런이름이래,Text,00,00,고원
2023.06.01,00:47,"🥷언니 지금 거의 올영알바생이다..
필요한거있으시면 말씀해주세요~ 해야됨",Text,00,00,고원
2023.06.01,00:47,ㅋㅋㅋㅋㅋㅋㅋㅋㅋㅋㅌㅋㅋㅋㅋㅋㅋ,Text,00,00,고원
2023.06.01,00:47,다 추천해드려요...,Text,00,00,고원
2023.06.01,00:47,🥷클렌징 오일 써 워터 써?,Text,00,00,고원
2023.06.01,00:48,클렌징 밀크 앤나 클렌징폼,Text,00,00,고원
2023.06.01,00:48,🥷여즘도 뽀오얀 써요??,Text,00,00,고원
2023.06.01,00:48,와! ㅋㅋㅋㅋㅋㅋㅋㅋㅋㅋ,Text,00,00,고원
2023.06.01,00:48,네.,Text,00,00,고원
2023.06.01,00:48,뽀오얀은 제가 무덤까지 안고가요...,Text,00,00,고원
2023.06.01,00:49,우와 예에전에 추천한건데,Text,00,00,고원
2023.06.01,00:49,신기허다,Text,00,00,고원
2023.06.01,00:49,🥷고원언니 !!!나에게도 쿠션 팬데 추천해 주세요,Text,00,00,고원
2023.06.01,00:50,쿠션 파데?!,Text,00,00,고원
2023.06.01,00:50,이건 정착 못함,Text,00,00,고원
2023.06.01,00:50,아쉽게도,Text,00,00,고원
2023.06.01,00:50,늘 뭔가 마음에 안 들어,Text,00,00,고원
2023.06.01,00:51,이건 저에게 추천해주세요,Text,00,00,고원
2023.06.01,00:51,항상 방황중,Text,00,00,고원
2023.06.01,00:51,지금은 미샤 파데 쓰는데 단종됨 ㅜ ㅜ,Text,00,00,고원
2023.06.01,00:51,그래서 정착 못했어,Text,00,00,고원
2023.06.01,00:52,🥷혹시 컨실러는 안쓰시나요?,Text,00,00,고원
2023.06.01,00:52,컨실러 켄메이크꺼 쓰는데,Text,00,00,고원
2023.06.01,00:52,점만 대충 가려서 조은지는 모르겟어요..^^,Text,00,00,고원
2023.06.01,00:52,그냥 그런듯..?,Text,00,00,고원
2023.06.01,00:53,여러분의 추천들,Text,00,00,고원
2023.06.01,00:53,캡쳐해두겟어요,Text,00,00,고원
2023.06.01,00:53,🥷뭐야??저도볼래요저도궁금해요,Text,00,00,고원
2023.06.01,00:53,ㅋㅋㅋㅋㅋㅋㅋㅌㅋㅋㅋㅋㅋㅋㅋ,Text,00,00,고원
2023.06.01,00:54,바닐라코와 라네즈가 추천이 겹쳤어여,Text,00,00,고원
2023.06.01,00:55,"🥷채원이는 6월 목표있어? 언니는 채원이 더 행복하게 해주기, 더 사랑해주기",Text,00,00,고원
2023.06.01,00:55,헐♡,Text,00,00,고원
2023.06.01,00:55,올영 알바중에,Text,00,00,고원
2023.06.01,00:55,이렇게 따뜻한 응원을 ㅜ ㅜ,Text,00,00,고원
2023.06.01,00:55,❤️,Text,00,00,고원
2023.06.01,00:55,그럼 나도 오빛들 더 사랑하기~~~♡,Text,00,00,고원
2023.06.01,00:56,행복하자 모두모두~~~♡,Text,00,00,고원
2023.06.01,00:56,오늘 느낀 거,Text,00,00,고원
2023.06.01,00:56,정말 무슨 일이 없더라도,Text,00,00,고원
2023.06.01,00:56,걍 평범한 하루가 행복이다!,Text,00,00,고원
2023.06.01,00:57,그치 건강하게!!,Text,00,00,고원
2023.06.01,00:59,꺅 덕분에 힐링된다,Text,00,00,고원
2023.06.01,00:59,🥷나 그래서 이런 기획의도로 단편영화 준비하고 있어,Text,00,00,고원
2023.06.01,00:59,헐 멋지다,Text,00,00,고원
2023.06.01,00:59,당장 봐,Text,00,00,고원
2023.06.01,01:00,역시 오빛이 세상을 바꾼다;;;;;;;;;;;;,Text,00,00,고원
2023.06.01,01:00,🥷촉촉한 단밤 삼삼한데 맛있다🌰,Text,00,00,고원
2023.06.01,01:00,헐?,Text,00,00,고원
2023.06.01,01:00,이브언니가 추천했나?,Text,00,00,고원
2023.06.01,01:01,갑자기 너무 반가운 단밤,Text,00,00,고원
2023.06.01,01:01,언니가 몇개 줬는데,Text,00,00,고원
2023.06.01,01:01,먹고 나도 바로 시켰잖아,Text,00,00,고원
2023.06.01,01:01,촉촉한 단밤,Text,00,00,고원
2023.06.01,01:01,약간 배고플때 먹기 조음,Text,00,00,고원
2023.06.01,01:02,이거 이름이!!,Text,00,00,고원
2023.06.01,01:02,🥷채원아 아이스크림의 계절인데 최애 아이스크림이 뭐야?,Text,00,00,고원
2023.06.01,01:02,음............,Text,00,00,고원
2023.06.01,01:02,흠..~~,Text,00,00,고원
2023.06.01,01:02,메가톤..?,Text,00,00,고원
2023.06.01,01:03,흠~ 또 뭐 좋아하더라,Text,00,00,고원
2023.06.01,01:03,헐~,Text,00,00,고원
2023.06.01,01:03,옥동자도 좋아해,Text,00,00,고원
2023.06.01,01:04,ㅋㅋㅋㅋㅋㅋㅋㅋㅌㅋㅋㅋㅋ,Text,00,00,고원
2023.06.01,01:04,와,Text,00,00,고원
2023.06.01,01:04,와일드바디,Text,00,00,고원
2023.06.01,01:04,얘기할라했는데,Text,00,00,고원
2023.06.01,01:04,ㄹㅇ 다 옥메와까네,Text,00,00,고원
2023.06.01,01:05,까는 까마쿤,Text,00,00,고원
2023.06.01,01:06,헐 까마쿤 모르는구나..,Text,00,00,고원
2023.06.01,01:06,그 돼지바처럼 겉에 초코로 된 아이스크림,Text,00,00,고원
2023.06.01,01:07,그냥 좀 기본적인 아이스크림 조아히는듯,Text,00,00,고원
2023.06.01,01:08,월드콘도 조아해,Text,00,00,고원
2023.06.01,01:08,맛있겠네...,Text,00,00,고원
2023.06.01,01:08,내일은 아이스크림 머거야지,Text,00,00,고원
2023.06.01,01:09,🥷상큼한류는안조아???뷰석바나 스크루바같은,Text,00,00,고원
2023.06.01,01:09,상큼보다는,Text,00,00,고원
2023.06.01,01:10,단 거를 더 좋아하는듯....???!!!!!,Text,00,00,고원
2023.06.01,01:10,생귤탱귤팬들 많다,Text,00,00,고원
2023.06.01,01:10,나도 좋아하는데,Text,00,00,고원
2023.06.01,01:10,유ㅏ 갑자기 초코퍼지팬들이,Text,00,00,고원
2023.06.01,01:11,🥷나만 수박바임?,Text,00,00,고원
2023.06.01,01:11,우와,Text,00,00,고원
2023.06.01,01:11,신기한 거,Text,00,00,고원
2023.06.01,01:11,나 수박바랑 죠스바 이런거는,Text,00,00,고원
2023.06.01,01:11,걍 한입 뺏어먹기,Text,00,00,고원
2023.06.01,01:11,이런식으로밖에 안 먹어봄,Text,00,00,고원
2023.06.01,01:12,🥷난 죠스바 스크류바 식감이 소름돋아서 잘 않먹게되..,Text,00,00,고원
2023.06.01,01:12,헐~,Text,00,00,고원
2023.06.01,01:12,나도 약간 그래,Text,00,00,고원
2023.06.01,01:13,아 그거 이름 뭐더라,Text,00,00,고원
2023.06.01,01:13,슈퍼콘!,Text,00,00,고원
2023.06.01,01:13,찾았다,Text,00,00,고원
2023.06.01,01:14,이거한때 엄청 좋아했는데,Text,00,00,고원
2023.06.01,01:15,맞아 이거는 민초맛땜에 먹엇어,Text,00,00,고원
2023.06.01,01:16,🥷하겐다즈나 벤앤제리스 같은 고급ㅋㅋㅋㅋ 아이스크림도 좋아해?,Text,00,00,고원
2023.06.01,01:17,ㅋㅋㅋㅋㅋㅋㅋㅋㅋㅋㅋㅋㅋ,Text,00,00,고원
2023.06.01,01:17,너무 고급이라 잘 안 먹긴하는데! ㅋ,Text,00,00,고원
2023.06.01,01:17,근데 벤앤제리스 저거는 좀 너무 달아,Text,00,00,고원
2023.06.01,01:17,근데 그거 머야,Text,00,00,고원
2023.06.01,01:17,그,Text,00,00,고원
2023.06.01,01:17,쿠키?,Text,00,00,고원
2023.06.01,01:18,쿠키도우맛,Text,00,00,고원
2023.06.01,01:18,저거는 맛있었던 거 같어,Text,00,00,고원
2023.06.01,01:18,근데 대박 달아!!!!!!!!!!!,Text,00,00,고원
2023.06.01,01:19,고원시~!,Text,00,00,고원
2023.06.01,01:19,엇비슷~,Text,00,00,고원
2023.06.01,01:20,ㅋㅋㅋㅋㅋㅋㅋㅋㅋㅋㅋㅋ,Text,00,00,고원
2023.06.01,01:20,낼 더운 오빛들은,Text,00,00,고원
2023.06.01,01:21,아이스크림 하나 먹으먄서,Text,00,00,고원
2023.06.01,01:21,즐거운 하루 보내세용,Text,00,00,고원
2023.06.01,01:21,저는 이만...,Text,00,00,고원
2023.06.01,01:21,잘게요,Text,00,00,고원
2023.06.01,01:21,@ 잘자~~~~~~~~~♡ ,Text,00,00,고원
2023.06.01,23:43,점프 완전 잘했지,Text,00,00,고원
2023.06.01,23:43,우리도 찍고 놀랐어,Text,00,00,고원
2023.06.01,23:44,ㅋㅋㅋㅋㅋㅋㅋㅋㅋㅋㅋㅋ,Text,00,00,고원
2023.06.01,23:44,칼군무~♡ ,Text,00,00,고원
2023.06.01,23:44,드림~하이~~~,Text,00,00,고원
2023.06.01,23:44,난 꿈을 꾸죠~~~~,Text,00,00,고원
2023.06.01,23:45,🥷공주야 뜬금없지만 숨은 그림 찾기 잘해? 좋아하면 soupsoup 게임 추천하고 갈게…,Text,00,00,고원
2023.06.01,23:45,제가 이걸 다 깼다면요...????,Text,00,00,고원
2023.06.01,23:46,ㅋㅋㅋㅋㅋㅋㅋㅌㅋㅋㅋㅋㅋ,Text,00,00,고원
2023.06.01,23:46,이거 그림들 왕 기여버,Text,00,00,고원
2023.06.01,23:47,00,Image,00,00,고원
2023.06.01,23:47,케이스 착용샷,Text,00,00,고원
2023.06.01,23:49,원래 케이스도 무거웠어서,Text,00,00,고원
2023.06.01,23:49,무거운지는 모르겠는데,Text,00,00,고원
2023.06.01,23:49,폰이 커진 느낌..!!!,Text,00,00,고원
2023.06.01,23:50,주머니엔 안 들어갈듯.....???!!!!,Text,00,00,고원
2023.06.01,23:50,폰 워낙 잘 떨어뜨리는데,Text,00,00,고원
2023.06.01,23:50,얘 좀 단단하지않을까...?,Text,00,00,고원
2023.06.01,23:51,이거 다 떨어지먄,Text,00,00,고원
2023.06.01,23:51,여진이한테 또 부탁하기로...~~~~!,Text,00,00,고원
2023.06.01,23:51,ㅋ,Text,00,00,고원
2023.06.01,23:51,고원 특,Text,00,00,고원
2023.06.01,23:52,앉았다 일어나면 폰 떨어뜨리기,Text,00,00,고원
2023.06.01,23:52,차에서 내릴때가 젤 많이 떨굼,Text,00,00,고원
2023.06.01,23:52,뭔지알지,Text,00,00,고원
2023.06.01,23:57,01,Image,00,00,고원
2023.06.01,23:57,02,Image,00,00,고원
2023.06.01,23:57,03,Image,00,00,고원
2023.06.01,23:57,얻대,Text,00,00,고원
2023.06.01,23:57,약간 옛날디카 감성,Text,00,00,고원
2023.06.01,23:58,방금 찍어봤음~ ㅋ,Text,00,00,고원
2023.06.01,23:59,쫌 잘나온듯?,Text,00,00,고원
2023.06.01,23:59,🥷이제부터 당신을 청초한 물망초같은 고원이라고 부르겠습니다,Text,00,00,고원
2023.06.01,23:59,우와,Text,00,00,고원
2023.06.02,00:00,맘에들어요,Text,00,00,고원
2023.06.02,00:00,🥷나랑 결혼할 준비가 될 때까지 더 이상 사진을 보여주지 마.😘,Text,00,00,고원
2023.06.02,00:00,어떠카냐 오빛들~~~~~~~~~,Text,00,00,고원
2023.06.02,00:01,ㅋㅋㅋㅋㅋㅋㅋㅋㅋㅋㅋㅋㅋ꺅,Text,00,00,고원
2023.06.02,00:02,🥷청초한 물망초같은 고원언니 프사바꿔줄생각업나요,Text,00,00,고원
2023.06.02,00:02,나는 내 프사를 볼 일이 없어서,Text,00,00,고원
2023.06.02,00:02,걍 까먹고 있었어,Text,00,00,고원
2023.06.02,00:02,뭐로 바꿀가요,Text,00,00,고원
2023.06.02,00:03,잘나왓으니 이걸러 바꿔야겠다,Text,01,00,고원
2023.06.02,00:04,농놀은,Text,01,00,고원
2023.06.02,00:04,뭐로 바꿀까,Text,01,00,고원
2023.06.02,00:06,🥷앞머리 있으면 좋겠다….아니에요!!!!내 소망입니다! 하나의 의견으로 보세요!,Text,01,00,고원
2023.06.02,00:07,최근에 내린 게,Text,01,00,고원
2023.06.02,00:07,그 잔뜩 올린 날,Text,01,00,고원
2023.06.02,00:07,🥷앞머리 없으면 좋겠다….아니에요!!!!내 소망입니다! 하나의 의견으로 보세요!,Text,01,00,고원
2023.06.02,00:07,깍ㅋㅋㅋㅌㅋㅋㅋㅋㅋㅋㅋㅋㅋ,Text,01,00,고원
2023.06.02,00:07,쟁쟁하다~♡,Text,01,00,고원
2023.06.02,00:10,진짜 웃김,Text,01,00,고원
2023.06.02,00:10,누구는 앞머리 문신하래,Text,01,00,고원
2023.06.02,00:10,ㅋㅋㅋㅋㅋㅋㅋㅋㅋㅋㅋㅌㅋㅋㅋ,Text,01,00,고원
2023.06.02,00:10,아 나 결정 못하겠어,Text,01,00,고원
2023.06.02,00:10,나중에 더 잘 나온 거 있으면,Text,01,00,고원
2023.06.02,00:11,바꾸는 걸로............,Text,01,00,고원
2023.06.02,00:11,약간 배경은,Text,01,00,고원
2023.06.02,00:11,남찍사이면서,Text,01,00,고원
2023.06.02,00:11,분위기가 있어야할거가튼,Text,01,00,고원
2023.06.02,00:11,🥷님 카톡 배경도 그렇게 하시나용,Text,01,00,고원
2023.06.02,00:12,카톡은,Text,01,00,고원
2023.06.02,00:12,그냥,Text,01,00,고원
2023.06.02,00:12,휑~,Text,01,00,고원
2023.06.02,00:12,암것도 안해요,Text,01,00,고원
2023.06.02,00:12,오직 오빛들을 위해서,Text,01,00,고원
2023.06.02,00:12,여기는 프사와 배경을 하는거랍니다,Text,01,00,고원
2023.06.02,00:12,(생색),Text,01,00,고원
2023.06.02,00:12,🥷언니 제일 마니사용하는이모지 뭔가요 아무래도쌔비지???,Text,01,00,고원
2023.06.02,00:13,🥷❤️🚨🙏📢,Text,01,00,고원
2023.06.02,00:13,이게 한줄로 있다,Text,01,00,고원
2023.06.02,00:13,ㅋㅋㅋㅋㅋㅋㅋㅋㅋㅋㅋㅋㅋㅋㅋ,Text,01,00,고원
2023.06.02,00:13,그냥 최근에 쓴거 보여쥬는 걱 같은데,Text,01,00,고원
2023.06.02,00:13,💡🫵🪽🥲❕,Text,01,00,고원
2023.06.02,00:13,🍀🎂🌹🤣👊,Text,01,00,고원
2023.06.02,00:14,☠️🩵🫶🤮🩶,Text,01,00,고원
2023.06.02,00:14,와~ 그러네,Text,01,00,고원
2023.06.02,00:14,방금 보냈다고 또 바뀌고 그르네,Text,01,00,고원
2023.06.02,00:15,🥷언니 제일 마니사용하는이모지 뭔가요 아무래도쌔비지???,Text,01,00,고원
2023.06.02,00:15,아놔,Text,01,00,고원
2023.06.02,00:15,🥷오늘은 지누프 언제하나요,Text,01,00,고원
2023.06.02,00:15,이거보내려다가,Text,01,00,고원
2023.06.02,00:15,아직은 지누프 아녀요,Text,01,00,고원
2023.06.02,00:15,🥷이러면 지금~! 이러고 간다고요 스찬들아,Text,01,00,고원
2023.06.02,00:15,와 나를 파악했어,Text,01,00,고원
2023.06.02,00:16,아직 용기를 안 내서,Text,01,00,고원
2023.06.02,00:16,못 자,Text,01,00,고원
2023.06.02,00:16,마음가짐 1시간 샤워시간 20분,Text,01,00,고원
2023.06.02,00:17,사실 샤워보다 귀찮은건,Text,01,00,고원
2023.06.02,00:17,머리말리기,Text,01,00,고원
2023.06.02,00:17,머리말릴 생각이 젤 두려워서,Text,01,00,고원
2023.06.02,00:17,마음가짐 시간이 늘어나는 거야,Text,01,00,고원
2023.06.02,00:18,🥷오늘도 내가 해냄!!,Text,01,00,고원
2023.06.02,00:18,멋지당~,Text,01,00,고원
2023.06.02,00:18,ㅋ,Text,01,00,고원
2023.06.02,00:19,🥷나는 이미 씻고 누웠지롱 닌텐도했지롱 부럽지??,Text,01,00,고원
2023.06.02,00:19,안돼~~~~~~~~~~~~~~,Text,01,00,고원
2023.06.02,00:20,해피캣 아는 오빛,Text,01,00,고원
2023.06.02,00:20,해피해피해피,Text,01,00,고원
2023.06.02,00:20,00,Video,01,00,고원
2023.06.02,00:20,해삐해삐해삐~,Text,01,00,고원
2023.06.02,00:21,내가 저렇게 계속 뛰었더니,Text,01,00,고원
2023.06.02,00:21,언니가 니 해피캣임? 이래서,Text,01,00,고원
2023.06.02,00:21,나도 어제 첨 알았어,Text,01,00,고원
2023.06.02,00:22,🥷동숲 꿈번지 있나 혹시,Text,01,00,고원
2023.06.02,00:22,없어요...,Text,01,00,고원
2023.06.02,00:22,왜냐면 제 섬은 암것도 없기에,Text,01,00,고원
2023.06.02,00:22,걍 지금 시작하는 사람들 섬이랑 똑같음,Text,01,00,고원
2023.06.02,00:24,🥷섬.꾸 안하면 모해? 동물 친구들한테 말걸기~?!,Text,01,00,고원
2023.06.02,00:24,동물들 이사보내기,Text,01,00,고원
2023.06.02,00:24,다람이를 향한 나의 집착...,Text,01,00,고원
2023.06.02,00:24,아직도 못만남,Text,01,00,고원
2023.06.02,00:25,00,Image,01,00,고원
2023.06.02,00:25,지금 얘네들이야,Text,01,00,고원
2023.06.02,00:26,최근에 내가 정 많이 든 친구가 이사간다햇늠 ㅜ,Text,01,00,고원
2023.06.02,00:26,내가 3번정도 말렸는데,Text,01,00,고원
2023.06.02,00:26,또 간다해서,Text,01,00,고원
2023.06.02,00:26,걍 슬픈 마음으로 보내줌 ㅠ,Text,01,00,고원
2023.06.02,00:26,그리고 미첼이 데려온거,Text,01,00,고원
2023.06.02,00:26,걍 엄청 마음에는 안 들어ㅛ는데,Text,01,00,고원
2023.06.02,00:26,성격이 먹보라햐서,Text,01,00,고원
2023.06.02,00:26,귀여워서 데려옴,Text,01,00,고원
2023.06.02,00:27,이사간 친구는 나탈리 ㅠ ㅠ,Text,01,00,고원
2023.06.02,00:27,나한테 다정하게 말해주고 편지도 많이 써줬는데,Text,01,00,고원
2023.06.02,00:27,아쉽~,Text,01,00,고원
2023.06.02,00:30,그래도 동물 친구들 만나면,Text,01,00,고원
2023.06.02,00:30,힐링된답니더,Text,01,00,고원
2023.06.02,00:31,진짜 나의 아기강아지 뽀미도 보고싶다~~~~~♡ ,Text,01,00,고원
2023.06.02,00:31,나 또 귀여운 강아지 찾음,Text,01,00,고원
2023.06.02,00:31,하루견과,Text,01,00,고원
2023.06.02,00:31,유튜브 이름이야,Text,01,00,고원
2023.06.02,00:32,너무 순~하게 생김 ㅜ ㅜ,Text,01,00,고원
2023.06.02,00:33,🥷머핀처럼 생긴 친구네요,Text,01,00,고원
2023.06.02,00:34,머핀?,Text,01,00,고원
2023.06.02,00:34,우와 갈려,Text,01,00,고원
2023.06.02,00:34,폼폼푸린 친구다,Text,01,00,고원
2023.06.02,00:34,로봇이 아닙니다 검사에 진짜 강아지와 머핀에 초코칩이다,Text,01,00,고원
2023.06.02,00:35,🥷고먐미는 안봐? 김쫀떡 귀여운뎅,Text,01,00,고원
2023.06.02,00:36,봐야겠다,Text,01,00,고원
2023.06.02,00:36,이름부터 귀여움,Text,01,00,고원
2023.06.02,00:36,그 hahaha,Text,01,00,고원
2023.06.02,00:36,삼색이 브이로그,Text,01,00,고원
2023.06.02,00:36,대박 기여움,Text,01,00,고원
2023.06.02,00:38,하지만 고원 요즘 관심사,Text,01,00,고원
2023.06.02,00:38,탕후루,Text,01,00,고원
2023.06.02,00:38,왤케 맛있는걸까,Text,01,00,고원
2023.06.02,00:39,딸기가 젤 맛나는듯,Text,01,00,고원
2023.06.02,00:39,그다음 귤,Text,01,00,고원
2023.06.02,00:40,그냥 딸기! 는 잘 안먹는데,Text,01,00,고원
2023.06.02,00:40,딸기탕후루,Text,01,00,고원
2023.06.02,00:40,딸기빙수,Text,01,00,고원
2023.06.02,00:40,딸기케이크,Text,01,00,고원
2023.06.02,00:40,이런건 너무 좋아,Text,01,00,고원
2023.06.02,00:41,사실 그냥 딸기는,Text,01,00,고원
2023.06.02,00:41,오빠가 어렸을때부터 좋아해서,Text,01,00,고원
2023.06.02,00:41,괜히 싫어함,Text,01,00,고원
2023.06.02,00:41,치킨도 그래서,Text,01,00,고원
2023.06.02,00:41,난 어렸을때 피자를 좀 더 조아햇음,Text,01,00,고원
2023.06.02,00:42,🥷오빠가 다 뺏어먹었구나,Text,01,00,고원
2023.06.02,00:42,심지어 이러지도 않았어,Text,01,00,고원
2023.06.02,00:42,그냥!,Text,01,00,고원
2023.06.02,00:42,이유없음!,Text,01,00,고원
2023.06.02,00:43,🥷피자 어떤거 좋아햐?,Text,01,00,고원
2023.06.02,00:43,피자는,Text,01,00,고원
2023.06.02,00:43,좋아하는 가게는 딱히 없고,Text,01,00,고원
2023.06.02,00:43,그냥 콤비네이션 아니면,Text,01,00,고원
2023.06.02,00:43,고구마피자!,Text,01,00,고원
2023.06.02,00:44,🥷요즘 카페가면 뭐 자주 마셔??,Text,01,00,고원
2023.06.02,00:44,디카페인 아아,Text,01,00,고원
2023.06.02,00:44,아니면,Text,01,00,고원
2023.06.02,00:44,페퍼민트!!!,Text,01,00,고원
2023.06.02,00:44,시원~한 거,Text,01,00,고원
2023.06.02,00:45,이제 왔어요,Text,01,00,고원
2023.06.02,00:45,용기내야할 시간이,Text,01,00,고원
2023.06.02,00:45,우리 모두 용기를 잃지말고,Text,01,00,고원
2023.06.02,00:45,나아갑시다,Text,01,00,고원
2023.06.02,00:46,ㅃㅇ~~~~,Text,01,00,고원
2023.06.02,00:46,덕분에 오늘도 재밌었당,Text,01,00,고원